18452207	ddf08dfe58587fcc203fb643566f340afcfcabb5	11861955	false	2016-07-29T17:13:25Z	2016-07-29T17:13:25Z	27	test/parallel/test-console.js
18452440	ddf08dfe58587fcc203fb643566f340afcfcabb5	12488060	false	2016-07-29T17:30:47Z	2016-07-29T17:30:47Z	55	test/parallel/test-console.js
18452522	ddf08dfe58587fcc203fb643566f340afcfcabb5	11861955	false	2016-07-29T17:36:07Z	2016-07-29T17:36:07Z	65	test/parallel/test-console.js
18452572	ddf08dfe58587fcc203fb643566f340afcfcabb5	12488060	false	2016-07-29T17:38:32Z	2016-07-29T17:38:32Z	11	test/parallel/test-console.js
19868467	4111c50fa360fb959ea9500e374e5386a168a5d5	11861955	false	2016-11-17T20:00:15Z	2016-11-17T20:00:15Z	15	deps/chakrashim/src/v8signature.cc
19870465	4111c50fa360fb959ea9500e374e5386a168a5d5	12059066	false	2016-11-17T22:08:46Z	2016-11-17T22:08:46Z	15	deps/chakrashim/src/v8signature.cc
19871042	4111c50fa360fb959ea9500e374e5386a168a5d5	11861955	false	2016-11-17T22:46:08Z	2016-11-17T22:46:08Z	32	deps/chakrashim/src/jsrtdebug.cc
19871127	4111c50fa360fb959ea9500e374e5386a168a5d5	11861955	false	2016-11-17T22:52:46Z	2016-11-17T22:52:46Z	54	deps/chakrashim/src/v8signature.cc
20056999	702f4f82970274c1ab4ca7fa46ef61c1a10dbf3e	12488060	false	2016-12-03T00:47:42Z	2016-12-03T00:47:42Z	5	common.gypi
20075288	702f4f82970274c1ab4ca7fa46ef61c1a10dbf3e	134460	false	2016-12-05T17:47:57Z	2016-12-05T17:47:57Z	36	common.gypi
68668518	85	11861955	true	2016-06-27T22:31:01Z	2016-06-27T22:31:01Z	19	deps/chakrashim/lib/chakra_shim.js
68668641	85	11861955	true	2016-06-27T22:32:09Z	2016-06-27T22:32:09Z	9	deps/chakrashim/lib/chakra_shim.js
68668968	85	11861955	true	2016-06-27T22:35:00Z	2016-06-27T22:35:00Z	37	deps/chakrashim/lib/chakra_shim.js
68674585	85	12488060	true	2016-06-27T23:28:05Z	2016-06-27T23:28:05Z	17	deps/chakrashim/lib/chakra_shim.js
68674831	85	11861955	true	2016-06-27T23:30:37Z	2016-06-27T23:30:37Z	10	deps/chakrashim/lib/chakra_shim.js
68833887	85	12488060	true	2016-06-28T20:14:16Z	2016-06-28T20:14:16Z	16	deps/chakrashim/lib/chakra_shim.js
68833916	85	12488060	true	2016-06-28T20:14:24Z	2016-06-28T20:14:24Z	1	deps/chakrashim/lib/chakra_shim.js
68834027	85	12488060	true	2016-06-28T20:14:59Z	2016-06-28T20:14:59Z	17	deps/chakrashim/lib/chakra_shim.js
68863734	85	11861955	true	2016-06-28T23:43:53Z	2016-06-28T23:43:53Z	14	deps/chakrashim/lib/chakra_shim.js
68863846	85	12488060	true	2016-06-28T23:45:00Z	2016-06-28T23:45:00Z	1	deps/chakrashim/lib/chakra_shim.js
69186004	89	11861955	true	2016-06-30T18:32:33Z	2016-06-30T18:32:33Z	17	vcbuild.bat
69186110	89	11861955	true	2016-06-30T18:33:12Z	2016-06-30T18:33:12Z	9	test/message/core_line_numbers.chakracore.out
69186726	89	11861955	true	2016-06-30T18:37:02Z	2016-06-30T18:37:02Z	17	test/parallel/test-util-inspect.js
69188349	89	12488060	true	2016-06-30T18:47:04Z	2016-06-30T18:47:04Z	18	test/message/core_line_numbers.chakracore.out
69188492	89	12488060	true	2016-06-30T18:47:50Z	2016-06-30T18:47:50Z	14	test/parallel/test-util-inspect.js
69188629	89	11861955	true	2016-06-30T18:48:38Z	2016-06-30T18:48:38Z	4	test/message/core_line_numbers.chakracore.out
69189943	89	12488060	true	2016-06-30T18:56:21Z	2016-06-30T18:56:21Z	54	vcbuild.bat
69190286	89	11861955	true	2016-06-30T18:58:11Z	2016-06-30T18:58:11Z	13	vcbuild.bat
69190698	89	11861955	true	2016-06-30T19:00:24Z	2016-06-30T19:00:24Z	29	vcbuild.bat
69190711	89	12488060	true	2016-06-30T19:00:28Z	2016-06-30T19:00:28Z	28	vcbuild.bat
69191305	89	11861955	true	2016-06-30T19:03:43Z	2016-06-30T19:03:43Z	18	vcbuild.bat
69191403	89	12488060	true	2016-06-30T19:04:06Z	2016-06-30T19:04:06Z	43	vcbuild.bat
69191627	89	12488060	true	2016-06-30T19:05:30Z	2016-06-30T19:05:30Z	62	vcbuild.bat
69191851	89	11861955	true	2016-06-30T19:06:58Z	2016-06-30T19:06:58Z	57	vcbuild.bat
69192212	89	11861955	true	2016-06-30T19:09:19Z	2016-06-30T19:09:19Z	67	vcbuild.bat
69978476	93	11861955	true	2016-07-07T20:16:57Z	2016-07-07T20:16:57Z	22	deps/chakrashim/src/v8booleanobject.cc
69985356	93	12488060	true	2016-07-07T20:56:48Z	2016-07-07T20:56:48Z	54	deps/chakrashim/src/v8booleanobject.cc
69985824	93	11861955	true	2016-07-07T20:59:31Z	2016-07-07T20:59:31Z	14	deps/chakrashim/src/v8booleanobject.cc
70542312	96	11861955	true	2016-07-12T23:38:37Z	2016-07-12T23:38:37Z	26	deps/chakrashim/src/jsrtcontextshim.cc
70542924	96	11861955	true	2016-07-12T23:44:43Z	2016-07-12T23:44:43Z	46	deps/chakrashim/src/jsrtcontextshim.cc
70543808	96	11861955	true	2016-07-12T23:53:44Z	2016-07-12T23:53:44Z	122	deps/chakrashim/src/jsrtcontextshim.cc
70543879	96	11861955	true	2016-07-12T23:54:23Z	2016-07-12T23:54:23Z	15	deps/chakrashim/src/jsrtcontextshim.cc
70543974	96	11861955	true	2016-07-12T23:55:28Z	2016-07-12T23:55:28Z	2	deps/chakrashim/src/v8context.cc
70555701	96	12488060	true	2016-07-13T02:16:59Z	2016-07-13T02:16:59Z	118	deps/chakrashim/src/jsrtcontextshim.cc
70665919	96	11861955	true	2016-07-13T17:03:40Z	2016-07-13T17:03:40Z	12	deps/chakrashim/src/jsrtcontextshim.h
70666049	96	11861955	true	2016-07-13T17:04:26Z	2016-07-13T17:04:26Z	4	deps/chakrashim/src/jsrtcontextshim.h
70668716	96	12488060	true	2016-07-13T17:19:02Z	2016-07-13T17:19:02Z	9	deps/chakrashim/src/jsrtcontextshim.h
70704513	96	11861955	true	2016-07-13T20:43:09Z	2016-07-13T20:43:09Z	7	deps/chakrashim/src/jsrtcontextshim.h
70717267	96	12488060	true	2016-07-13T22:02:34Z	2016-07-13T22:02:34Z	7	deps/chakrashim/src/jsrtcontextshim.h
70717499	96	11861955	true	2016-07-13T22:03:58Z	2016-07-13T22:03:58Z	24	deps/chakrashim/src/jsrtcontextshim.h
70720009	83	12488060	true	2016-07-13T22:25:02Z	2016-07-13T22:25:02Z	10	tools/test.py
70720276	83	11861955	true	2016-07-13T22:27:41Z	2016-07-13T22:27:41Z	30	tools/test.py
70721461	96	12488060	true	2016-07-13T22:38:56Z	2016-07-13T22:38:56Z	11	deps/chakrashim/src/jsrtcontextshim.h
71959091	100	12488060	true	2016-07-22T23:26:08Z	2016-07-22T23:26:08Z	9	deps/chakrashim/core/lib/Jsrt/ChakraCommon.h
71959163	100	11861955	true	2016-07-22T23:27:17Z	2016-07-22T23:27:17Z	16	deps/chakrashim/core/lib/Jsrt/ChakraCommon.h
71959620	100	12488060	true	2016-07-22T23:34:30Z	2016-07-22T23:34:30Z	32	deps/chakrashim/core/lib/Jsrt/Jsrt.cpp
71959707	100	12488060	true	2016-07-22T23:35:59Z	2016-07-22T23:35:59Z	8	deps/chakrashim/core/lib/Jsrt/Jsrt.cpp
71959903	100	11861955	true	2016-07-22T23:38:22Z	2016-07-22T23:38:22Z	43	deps/chakrashim/core/lib/Jsrt/Jsrt.cpp
71959939	100	12488060	true	2016-07-22T23:38:56Z	2016-07-22T23:38:56Z	9	deps/chakrashim/core/lib/Jsrt/Jsrt.cpp
71960170	100	12488060	true	2016-07-22T23:42:49Z	2016-07-22T23:42:49Z	25	deps/chakrashim/core/lib/Jsrt/Jsrt.cpp
71960228	100	11861955	true	2016-07-22T23:43:46Z	2016-07-22T23:43:46Z	18	deps/chakrashim/core/lib/Jsrt/Jsrt.cpp
71960231	100	12488060	true	2016-07-22T23:43:50Z	2016-07-22T23:43:50Z	24	deps/chakrashim/core/lib/Jsrt/Jsrt.cpp
71960430	100	11861955	true	2016-07-22T23:47:12Z	2016-07-22T23:47:12Z	24	deps/chakrashim/core/lib/Jsrt/Jsrt.cpp
71960553	100	12488060	true	2016-07-22T23:49:35Z	2016-07-22T23:49:35Z	4	deps/chakrashim/chakracore.gyp
71960709	100	11861955	true	2016-07-22T23:52:27Z	2016-07-22T23:52:27Z	2	deps/chakrashim/chakracore.gyp
71960792	100	12488060	true	2016-07-22T23:53:57Z	2016-07-22T23:53:57Z	6	deps/chakrashim/src/v8v8.cc
71960862	100	12488060	true	2016-07-22T23:55:22Z	2016-07-22T23:55:22Z	15	deps/chakrashim/src/v8string.cc
71960950	100	12488060	true	2016-07-22T23:56:47Z	2016-07-22T23:56:47Z	11	deps/chakrashim/src/v8string.cc
71961014	100	11861955	true	2016-07-22T23:58:07Z	2016-07-22T23:58:07Z	20	deps/chakrashim/src/v8v8.cc
71961036	100	12488060	true	2016-07-22T23:58:28Z	2016-07-22T23:58:28Z	13	deps/chakrashim/src/v8string.cc
71961155	100	11861955	true	2016-07-23T00:00:30Z	2016-07-23T00:00:30Z	29	deps/chakrashim/src/v8string.cc
71961225	100	11861955	true	2016-07-23T00:01:46Z	2016-07-23T00:01:46Z	23	deps/chakrashim/src/v8string.cc
71961453	100	11861955	true	2016-07-23T00:06:21Z	2016-07-23T00:06:21Z	26	deps/chakrashim/src/v8string.cc
72361209	101	11861955	true	2016-07-27T00:11:36Z	2016-07-27T00:11:36Z	8	deps/chakrashim/lib/chakra_shim.js
72361320	101	12488060	true	2016-07-27T00:12:52Z	2016-07-27T00:12:52Z	14	deps/chakrashim/lib/chakra_shim.js
72361578	101	11861955	true	2016-07-27T00:15:28Z	2016-07-27T00:15:28Z	11	deps/chakrashim/src/jsrtcontextshim.h
72361629	101	11861955	true	2016-07-27T00:16:00Z	2016-07-27T00:16:00Z	4	deps/chakrashim/lib/chakra_shim.js
72361860	101	12488060	true	2016-07-27T00:18:26Z	2016-07-27T00:18:26Z	10	deps/chakrashim/src/jsrtcontextshim.h
72361865	101	12488060	true	2016-07-27T00:18:30Z	2016-07-27T00:18:30Z	1	deps/chakrashim/lib/chakra_shim.js
72362139	101	11861955	true	2016-07-27T00:21:31Z	2016-07-27T00:21:31Z	23	deps/chakrashim/src/v8handlescope.cc
72362256	101	11861955	true	2016-07-27T00:22:46Z	2016-07-27T00:22:46Z	22	deps/chakrashim/src/v8handlescope.cc
72362406	101	11861955	true	2016-07-27T00:24:09Z	2016-07-27T00:24:09Z	4	deps/chakrashim/src/v8object.cc
72362548	101	11861955	true	2016-07-27T00:25:42Z	2016-07-27T00:25:42Z	1	deps/chakrashim/src/v8object.cc
72362632	101	12488060	true	2016-07-27T00:26:33Z	2016-07-27T00:26:33Z	23	deps/chakrashim/src/v8handlescope.cc
72362650	101	12488060	true	2016-07-27T00:26:44Z	2016-07-27T00:26:44Z	1	deps/chakrashim/src/v8object.cc
72362758	101	11861955	true	2016-07-27T00:28:06Z	2016-07-27T00:28:06Z	24	deps/chakrashim/src/v8handlescope.cc
72362873	101	12488060	true	2016-07-27T00:29:25Z	2016-07-27T00:29:25Z	9	deps/chakrashim/src/v8handlescope.cc
72362966	101	11861955	true	2016-07-27T00:30:25Z	2016-07-27T00:30:25Z	9	deps/chakrashim/src/v8handlescope.cc
72363225	101	12488060	true	2016-07-27T00:33:46Z	2016-07-27T00:33:46Z	24	deps/chakrashim/src/v8handlescope.cc
72478857	101	11861955	true	2016-07-27T16:59:28Z	2016-07-27T16:59:28Z	109	deps/chakrashim/src/v8handlescope.cc
72499953	101	11861955	true	2016-07-27T18:49:42Z	2016-07-27T18:49:42Z	20	deps/chakrashim/include/v8.h
72500669	101	12488060	true	2016-07-27T18:53:58Z	2016-07-27T18:53:58Z	5	deps/chakrashim/include/v8.h
78069454	111	11861955	true	2016-09-08T19:05:15Z	2016-09-08T19:05:15Z	29	test/parallel/test-buffer-alloc.js
78069646	111	11861955	true	2016-09-08T19:06:18Z	2016-09-08T19:06:18Z	3	test/parallel/test-buffer-slow.js
78071333	111	12488060	true	2016-09-08T19:15:45Z	2016-09-08T19:15:45Z	3	test/parallel/test-buffer-alloc.js
78773165	117	12101885	true	2016-09-14T15:31:34Z	2016-09-14T15:31:34Z	19	deps/chakrashim/src/v8persistent.cc
78844396	117	4390745	true	2016-09-14T21:23:03Z	2016-09-14T21:23:03Z	45	deps/chakrashim/src/v8persistent.cc
79476265	117	11861955	true	2016-09-19T20:02:10Z	2016-09-19T20:02:10Z	23	common.gypi
81491092	126	158390	true	2016-10-03T04:57:00Z	2016-10-03T04:57:00Z	30	deps/chakrashim/lib/chakra_debug.js
81491126	126	158390	true	2016-10-03T04:58:02Z	2016-10-03T04:58:02Z	4	deps/chakrashim/lib/chakra_debug.js
81491643	126	158390	true	2016-10-03T05:11:17Z	2016-10-03T05:11:17Z	4	deps/chakrashim/lib/chakra_debug.js
81492243	126	158390	true	2016-10-03T05:25:05Z	2016-10-03T05:25:05Z	14	deps/chakrashim/src/v8debug.cc
81492397	126	158390	true	2016-10-03T05:28:28Z	2016-10-03T05:28:57Z	20	deps/chakrashim/src/v8debug.cc
81629888	126	12059066	true	2016-10-03T20:13:17Z	2016-10-03T20:13:17Z	24	deps/chakrashim/lib/chakra_debug.js
81630523	126	12059066	true	2016-10-03T20:16:47Z	2016-10-03T20:16:47Z	30	deps/chakrashim/src/v8debug.cc
81944574	126	4390745	true	2016-10-05T10:35:20Z	2016-10-05T10:35:20Z	4	deps/chakrashim/lib/chakra_debug.js
81945376	126	4390745	true	2016-10-05T10:41:30Z	2016-10-05T10:41:30Z	15	deps/chakrashim/lib/chakra_debug.js
81947714	126	4390745	true	2016-10-05T10:57:16Z	2016-10-05T10:57:16Z	9	deps/chakrashim/src/v8debug.cc
81947919	126	4390745	true	2016-10-05T10:58:56Z	2016-10-05T10:58:56Z	9	deps/chakrashim/src/v8debug.cc
82065191	126	12488060	true	2016-10-05T20:39:18Z	2016-10-05T20:39:18Z	25	deps/chakrashim/src/jsrtisolateshim.cc
82065905	126	12488060	true	2016-10-05T20:42:47Z	2016-10-05T20:42:47Z	21	deps/chakrashim/src/jsrtcontextshim.cc
82070462	126	12488060	true	2016-10-05T21:05:25Z	2016-10-05T21:05:25Z	25	deps/chakrashim/src/v8debug.cc
82071572	126	12488060	true	2016-10-05T21:11:15Z	2016-10-05T21:11:15Z	30	deps/chakrashim/src/v8debug.cc
82072437	126	12059066	true	2016-10-05T21:15:46Z	2016-10-05T21:15:46Z	1	deps/chakrashim/src/v8debug.cc
82072546	126	12059066	true	2016-10-05T21:16:21Z	2016-10-05T21:16:21Z	17	deps/chakrashim/src/v8debug.cc
82072834	126	12059066	true	2016-10-05T21:17:57Z	2016-10-05T21:17:57Z	15	deps/chakrashim/src/jsrtisolateshim.cc
82073215	126	12059066	true	2016-10-05T21:20:01Z	2016-10-05T21:20:01Z	26	src/node.cc
82073230	126	12488060	true	2016-10-05T21:20:06Z	2016-10-05T21:20:06Z	21	deps/chakrashim/lib/chakra_debug.js
82073921	126	12488060	true	2016-10-05T21:23:39Z	2016-10-05T21:23:39Z	22	deps/chakrashim/lib/chakra_debug.js
82074191	126	12059066	true	2016-10-05T21:25:08Z	2016-10-05T21:25:08Z	29	deps/chakrashim/src/v8debug.cc
82074525	126	12059066	true	2016-10-05T21:26:45Z	2016-10-05T21:26:45Z	12	deps/chakrashim/lib/chakra_debug.js
82075248	126	12488060	true	2016-10-05T21:30:32Z	2016-10-05T21:30:32Z	10	deps/chakrashim/src/v8v8.cc
82075536	126	12059066	true	2016-10-05T21:31:56Z	2016-10-05T21:31:56Z	19	deps/chakrashim/src/v8v8.cc
82075720	126	12488060	true	2016-10-05T21:32:49Z	2016-10-05T21:32:49Z	17	deps/chakrashim/lib/chakra_debug.js
82239807	126	11861955	true	2016-10-06T17:24:58Z	2016-10-06T17:24:58Z	10	deps/chakrashim/include/v8-debug.h
82239941	126	12059066	true	2016-10-06T17:25:36Z	2016-10-06T17:25:36Z	13	deps/chakrashim/include/v8-debug.h
82240689	126	11861955	true	2016-10-06T17:29:17Z	2016-10-06T17:29:17Z	41	deps/chakrashim/include/v8-debug.h
82240850	126	11861955	true	2016-10-06T17:30:10Z	2016-10-06T17:30:10Z	12	deps/chakrashim/include/v8-debug.h
82242030	126	11861955	true	2016-10-06T17:35:39Z	2016-10-06T17:35:39Z	8	deps/chakrashim/lib/chakra_debug.js
82246479	126	11861955	true	2016-10-06T17:56:01Z	2016-10-06T17:56:01Z	8	deps/chakrashim/lib/chakra_debug.js
82246914	126	11861955	true	2016-10-06T17:57:44Z	2016-10-06T17:57:44Z	7	deps/chakrashim/lib/chakra_debug.js
82250358	126	11861955	true	2016-10-06T18:15:00Z	2016-10-06T18:15:00Z	16	deps/chakrashim/src/v8v8.cc
82250966	126	11861955	true	2016-10-06T18:17:53Z	2016-10-06T18:17:53Z	16	deps/chakrashim/src/v8debug.cc
82483647	126	12059066	true	2016-10-07T22:59:02Z	2016-10-07T22:59:02Z	47	deps/chakrashim/src/v8v8.cc
82483966	126	12059066	true	2016-10-07T23:02:26Z	2016-10-07T23:02:26Z	44	deps/chakrashim/lib/chakra_debug.js
82484070	126	12059066	true	2016-10-07T23:03:31Z	2016-10-07T23:03:31Z	36	deps/chakrashim/lib/chakra_debug.js
82484091	126	12488060	true	2016-10-07T23:03:47Z	2016-10-07T23:03:47Z	22	deps/chakrashim/lib/chakra_debug.js
82484139	126	12059066	true	2016-10-07T23:04:25Z	2016-10-07T23:04:25Z	21	deps/chakrashim/lib/chakra_debug.js
82484186	126	12059066	true	2016-10-07T23:05:04Z	2016-10-07T23:05:04Z	13	deps/chakrashim/lib/chakra_debug.js
82485654	126	12059066	true	2016-10-07T23:22:18Z	2016-10-07T23:22:19Z	20	deps/chakrashim/include/v8-debug.h
82489911	126	12059066	true	2016-10-08T00:28:41Z	2016-10-08T00:28:41Z	76	deps/chakrashim/src/jsrtcontextshim.cc
82599512	129	134460	true	2016-10-10T13:07:24Z	2016-10-10T13:07:24Z	42	test/parallel/parallel.status
82636129	126	12059066	true	2016-10-10T16:19:42Z	2016-10-10T16:19:42Z	14	deps/chakrashim/lib/chakra_debug.js
82690975	126	12059066	true	2016-10-10T21:58:36Z	2016-10-10T21:58:36Z	51	deps/chakrashim/lib/chakra_debug.js
82691543	126	12059066	true	2016-10-10T22:02:47Z	2016-10-10T22:02:47Z	65	deps/chakrashim/lib/chakra_debug.js
82932247	129	696611	true	2016-10-12T03:50:01Z	2016-10-12T03:50:01Z	10	tools/test.py
83258700	129	134460	true	2016-10-13T16:37:38Z	2016-10-13T16:37:38Z	20	tools/test.py
83558470	126	158390	true	2016-10-16T19:37:02Z	2016-10-16T19:37:03Z	13	deps/chakrashim/lib/chakra_debug.js
83558507	126	158390	true	2016-10-16T19:38:51Z	2016-10-16T19:38:51Z	17	deps/chakrashim/lib/chakra_debug.js
83558695	126	158390	true	2016-10-16T19:48:24Z	2016-10-16T19:48:24Z	17	deps/chakrashim/lib/chakra_debug.js
83558816	126	158390	true	2016-10-16T19:54:02Z	2016-10-16T19:54:02Z	4	deps/chakrashim/src/jsrtdebug.h
83906451	126	12059066	true	2016-10-18T17:25:18Z	2016-10-18T17:25:18Z	14	deps/chakrashim/src/jsrtdebug.h
83908869	126	12059066	true	2016-10-18T17:36:37Z	2016-10-18T17:36:37Z	20	deps/chakrashim/lib/chakra_debug.js
83943605	135	158390	true	2016-10-18T20:29:27Z	2016-10-18T20:29:58Z	8	deps/chakrashim/chakracore.gyp
83943669	135	158390	true	2016-10-18T20:29:48Z	2016-10-18T20:29:58Z	9	deps/chakrashim/chakracore.gyp
83948310	135	12488060	true	2016-10-18T20:52:39Z	2016-10-18T20:52:39Z	33	deps/chakrashim/chakracore.gyp
83948464	135	11861955	true	2016-10-18T20:53:26Z	2016-10-18T20:53:26Z	23	deps/chakrashim/chakracore.gyp
83948634	135	11861955	true	2016-10-18T20:54:28Z	2016-10-18T20:54:28Z	34	deps/chakrashim/chakracore.gyp
83948942	135	158390	true	2016-10-18T20:56:17Z	2016-10-18T20:56:17Z	38	deps/chakrashim/chakracore.gyp
83959631	135	158390	true	2016-10-18T21:57:19Z	2016-10-18T21:57:19Z	31	deps/chakrashim/chakracore.gyp
85033120	137	12059066	true	2016-10-26T01:02:17Z	2016-10-26T01:02:17Z	15	test/parallel/test-buffer-alloc.js
85034982	137	12488060	true	2016-10-26T01:25:45Z	2016-10-26T01:25:45Z	21	test/parallel/test-buffer-alloc.js
85035308	137	12059066	true	2016-10-26T01:29:48Z	2016-10-26T01:29:48Z	13	test/parallel/test-buffer-alloc.js
88364106	140	11861955	true	2016-11-17T00:37:42Z	2016-11-17T00:37:42Z	42	deps/chakrashim/src/jsrtisolateshim.cc
88364551	140	11861955	true	2016-11-17T00:40:59Z	2016-11-17T00:40:59Z	25	deps/chakrashim/src/v8signature.cc
88364763	140	11861955	true	2016-11-17T00:42:49Z	2016-11-17T00:42:49Z	22	deps/chakrashim/src/jsrtcontextshim.cc
88511822	140	12059066	true	2016-11-17T18:12:50Z	2016-11-17T18:12:50Z	6	deps/chakrashim/src/v8signature.cc
88512018	140	12059066	true	2016-11-17T18:13:47Z	2016-11-17T18:13:47Z	8	deps/chakrashim/src/jsrtcontextshim.cc
88764142	142	12488060	true	2016-11-19T00:25:48Z	2016-11-19T00:25:48Z	7	test/message/timeout_throw.chakracore.out
88764609	142	12059066	true	2016-11-19T00:31:45Z	2016-11-19T00:31:45Z	22	test/message/timeout_throw.chakracore.out
88982929	142	906649	true	2016-11-21T20:39:56Z	2016-11-21T20:39:56Z	17	test/message/timeout_throw.chakracore.out
89242446	143	12059066	true	2016-11-23T00:59:20Z	2016-11-23T00:59:20Z	15	src/node_zlib.cc
89242862	143	12059066	true	2016-11-23T01:04:15Z	2016-11-23T01:04:15Z	28	src/node_buffer.h
89242969	143	12059066	true	2016-11-23T01:05:21Z	2016-11-23T01:05:21Z	12	src/node_buffer.h
89243086	143	12059066	true	2016-11-23T01:06:32Z	2016-11-23T01:06:32Z	20	src/node_buffer.h
89677433	149	158390	true	2016-11-26T20:22:27Z	2016-11-26T20:22:27Z	8	README.md
89677507	149	158390	true	2016-11-26T20:25:39Z	2016-11-26T20:25:39Z	49	README.md
89677565	149	12057627	true	2016-11-26T20:29:53Z	2016-11-26T20:29:53Z	3	README.md
90771116	151	696611	true	2016-12-04T05:41:09Z	2016-12-04T05:41:09Z	7	tools/install.py
93295820	158	12059066	true	2016-12-20T18:26:31Z	2016-12-20T18:26:31Z	17	deps/chakrashim/core/lib/Runtime/Debug/DiagObjectModel.cpp
229216379	87	12488060	true	2016-06-28T23:39:13Z	2016-06-28T23:39:13Z	1	
229217349	85	11861955	true	2016-06-28T23:45:39Z	2016-06-28T23:45:39Z	2	
229746860	89	12488060	true	2016-06-30T18:26:41Z	2016-06-30T18:26:41Z	2	
229747773	88	12488060	true	2016-06-30T18:29:43Z	2016-06-30T18:29:43Z	14	
229750132	89	11861955	true	2016-06-30T18:38:06Z	2016-06-30T18:38:06Z	5	
229849886	83	11861955	true	2016-07-01T04:12:44Z	2016-07-01T04:12:44Z	29	
230574847	91	11861955	true	2016-07-05T19:16:35Z	2016-07-05T19:16:35Z	1	
230598571	92	11861955	false	2016-07-05T20:49:08Z	2016-07-05T20:49:08Z	31	
230606106	92	12488060	false	2016-07-05T21:18:10Z	2016-07-05T21:18:10Z	28	
230612181	92	11861955	false	2016-07-05T21:44:09Z	2016-07-05T21:44:09Z	16	
230632746	83	11861955	true	2016-07-05T23:30:14Z	2016-07-05T23:30:14Z	35	
231208753	93	11861955	true	2016-07-07T21:11:43Z	2016-07-07T21:11:43Z	2	
231231511	94	11861955	true	2016-07-07T22:54:09Z	2016-07-07T22:54:09Z	4	
232102037	96	12488060	true	2016-07-12T16:32:30Z	2016-07-12T16:32:30Z	2	
232103414	94	12488060	true	2016-07-12T16:38:20Z	2016-07-12T16:38:20Z	1	
232153675	83	11861955	true	2016-07-12T19:30:10Z	2016-07-12T19:30:10Z	40	
232420759	96	11861955	true	2016-07-13T17:05:32Z	2016-07-13T17:05:32Z	3	
232480645	96	11861955	true	2016-07-13T20:43:31Z	2016-07-13T20:43:31Z	2	
232505326	83	12488060	true	2016-07-13T22:26:39Z	2016-07-13T22:26:39Z	5	
232511589	83	11861955	true	2016-07-13T23:01:07Z	2016-07-13T23:01:07Z	3	
233120720	98	12488060	true	2016-07-16T08:49:17Z	2016-07-16T08:49:17Z	2	
233278788	83	1093990	true	2016-07-18T09:03:18Z	2016-07-18T09:03:18Z	2	
233391246	98	11861955	true	2016-07-18T17:02:47Z	2016-07-18T17:02:47Z	11	
233393936	98	12488060	true	2016-07-18T17:12:16Z	2016-07-18T17:12:16Z	12	
233690406	99	12488060	true	2016-07-19T16:33:13Z	2016-07-19T16:33:13Z	17	
234684621	100	12488060	true	2016-07-23T00:01:07Z	2016-07-23T00:01:07Z	1	
235634631	103	12488060	true	2016-07-27T16:06:17Z	2016-07-27T16:06:17Z	3	
235642964	103	696611	true	2016-07-27T16:33:31Z	2016-07-27T16:33:31Z	12	
235647833	103	12488060	true	2016-07-27T16:50:33Z	2016-07-27T16:50:33Z	3	
235653092	103	11861955	true	2016-07-27T17:08:55Z	2016-07-27T17:08:55Z	44	
235653735	103	696611	true	2016-07-27T17:11:20Z	2016-07-27T17:11:20Z	38	
235682775	101	11861955	true	2016-07-27T18:50:20Z	2016-07-27T18:50:20Z	6	
235686266	101	11861955	true	2016-07-27T19:01:50Z	2016-07-27T19:01:50Z	1	
236167794	105	2352663	false	2016-07-29T12:28:55Z	2016-07-29T12:28:55Z	6	
236191167	106	11861955	false	2016-07-29T14:13:18Z	2016-07-29T14:13:18Z	30	
236202189	106	2352663	false	2016-07-29T14:53:27Z	2016-07-29T14:53:27Z	104	
236224373	103	12488060	true	2016-07-29T16:16:13Z	2016-07-29T16:16:13Z	28	
236225735	106	11861955	false	2016-07-29T16:21:31Z	2016-07-29T16:21:31Z	57	
236226775	105	11861955	false	2016-07-29T16:25:33Z	2016-07-29T16:25:33Z	28	
236236652	103	12488060	true	2016-07-29T17:06:24Z	2016-07-29T17:06:24Z	39	
236238429	103	11861955	true	2016-07-29T17:14:07Z	2016-07-29T17:14:07Z	2	
236291331	103	11861955	true	2016-07-29T20:56:38Z	2016-07-29T20:56:38Z	3	
236627855	103	12488060	true	2016-08-01T16:12:01Z	2016-08-01T16:12:01Z	23	
236651628	103	696611	true	2016-08-01T17:38:52Z	2016-08-01T17:38:52Z	14	
236828799	106	2352663	false	2016-08-02T07:50:16Z	2016-08-02T07:50:16Z	5	
239044018	106	27786	false	2016-08-11T00:21:36Z	2016-08-11T00:21:36Z	9	
239061755	106	11861955	false	2016-08-11T02:58:58Z	2016-08-11T02:58:58Z	14	
239908790	108	12488060	true	2016-08-15T19:50:38Z	2016-08-15T19:50:38Z	7	
239909763	108	12059066	true	2016-08-15T19:54:15Z	2016-08-15T19:54:15Z	16	
240593622	107	12488060	false	2016-08-18T00:52:05Z	2016-08-18T00:52:05Z	17	
241123646	105	122831	false	2016-08-19T20:16:40Z	2016-08-19T20:16:40Z	8	
241458739	105	11861955	false	2016-08-22T15:53:50Z	2016-08-22T15:53:50Z	17	
241493651	105	4390745	false	2016-08-22T17:50:28Z	2016-08-22T17:50:28Z	26	
244475631	109	12488060	true	2016-09-02T20:08:47Z	2016-09-02T20:08:47Z	7	
244483657	109	11861955	true	2016-09-02T20:47:57Z	2016-09-02T20:47:57Z	1	
244808895	105	719722	false	2016-09-05T20:37:34Z	2016-09-05T20:37:34Z	29	
245001313	109	12488060	true	2016-09-06T16:06:39Z	2016-09-06T16:06:39Z	3	
245048057	110	11861955	false	2016-09-06T18:40:33Z	2016-09-06T18:40:33Z	33	
245050206	110	719722	false	2016-09-06T18:47:21Z	2016-09-06T18:47:21Z	42	
245469147	111	12488060	true	2016-09-08T01:31:32Z	2016-09-08T01:31:32Z	3	
245706383	111	11861955	true	2016-09-08T19:08:04Z	2016-09-08T19:08:04Z	1	
246010426	111	12488060	true	2016-09-09T19:11:23Z	2016-09-09T19:11:23Z	5	
246023221	112	12488060	false	2016-09-09T20:00:07Z	2016-09-09T20:00:07Z	26	
246024392	113	11861955	true	2016-09-09T20:04:44Z	2016-09-09T20:04:44Z	1	
246024644	113	12488060	true	2016-09-09T20:05:45Z	2016-09-09T20:05:45Z	3	
246038359	112	12488060	false	2016-09-09T21:00:12Z	2016-09-09T21:00:12Z	3	
246060103	114	12488060	true	2016-09-09T22:37:59Z	2016-09-09T22:37:59Z	4	
246123626	115	12488060	false	2016-09-10T17:15:22Z	2016-09-10T17:15:22Z	100	
246127057	115	1898413	false	2016-09-10T18:17:50Z	2016-09-10T18:17:50Z	29	
246134147	115	12488060	false	2016-09-10T19:56:04Z	2016-09-10T19:56:04Z	97	
246586651	116	12488060	true	2016-09-13T06:23:24Z	2016-09-13T06:23:24Z	4	
246738311	116	11861955	true	2016-09-13T16:20:45Z	2016-09-13T16:20:45Z	1	
247051477	105	4390745	false	2016-09-14T15:27:08Z	2016-09-14T15:27:08Z	8	
247227804	115	158390	false	2016-09-15T03:56:34Z	2016-09-15T03:56:34Z	11	
247244446	116	12488060	true	2016-09-15T06:14:31Z	2016-09-15T06:14:31Z	3	
247253714	115	12488060	false	2016-09-15T07:12:40Z	2016-09-15T07:12:40Z	24	
247254115	115	1898413	false	2016-09-15T07:14:47Z	2016-09-15T07:14:47Z	19	
247360288	115	1898413	false	2016-09-15T15:23:13Z	2016-09-15T15:23:13Z	15	
247622694	118	12488060	false	2016-09-16T14:58:01Z	2016-09-16T14:58:01Z	16	
247652721	118	1898413	false	2016-09-16T16:59:28Z	2016-09-16T16:59:28Z	99	
247654853	118	12488060	false	2016-09-16T17:08:47Z	2016-09-16T17:08:47Z	18	
247654887	118	1898413	false	2016-09-16T17:08:54Z	2016-09-16T17:08:54Z	46	
247655090	118	1898413	false	2016-09-16T17:09:50Z	2016-09-16T17:09:50Z	17	
247655948	118	1898413	false	2016-09-16T17:13:39Z	2016-09-16T17:13:39Z	4	
247670554	118	12488060	false	2016-09-16T18:16:32Z	2016-09-16T18:16:32Z	16	
247837561	118	1898413	false	2016-09-18T09:37:28Z	2016-09-18T09:37:28Z	61	
248020383	118	12488060	false	2016-09-19T15:07:14Z	2016-09-19T15:07:14Z	14	
248779335	117	4390745	true	2016-09-22T00:13:57Z	2016-09-22T00:13:57Z	16	
248952633	120	12488060	false	2016-09-22T16:19:11Z	2016-09-22T16:19:11Z	9	
248962613	120	4390745	false	2016-09-22T16:55:01Z	2016-09-22T16:55:01Z	37	
249142348	120	22372887	false	2016-09-23T09:12:35Z	2016-09-23T09:12:35Z	285	
249301740	105	1093990	false	2016-09-23T21:03:11Z	2016-09-23T21:03:11Z	33	
249305855	105	4390745	false	2016-09-23T21:23:16Z	2016-09-23T21:23:16Z	39	
249306032	105	4390745	false	2016-09-23T21:24:08Z	2016-09-23T21:24:08Z	13	
249308476	105	1093990	false	2016-09-23T21:36:47Z	2016-09-23T21:36:47Z	14	
249323879	121	1093990	false	2016-09-23T23:17:53Z	2016-09-23T23:17:53Z	103	
249326106	121	4390745	false	2016-09-23T23:35:27Z	2016-09-23T23:35:27Z	24	
249333018	121	1093990	false	2016-09-24T00:37:51Z	2016-09-24T00:37:51Z	21	
249367384	121	4390745	false	2016-09-24T14:24:41Z	2016-09-24T14:24:41Z	9	
249369835	121	1093990	false	2016-09-24T15:15:45Z	2016-09-24T15:15:45Z	49	
249458633	121	4390745	false	2016-09-26T00:58:34Z	2016-09-26T00:58:34Z	58	
249459763	65	4390745	false	2016-09-26T01:14:07Z	2016-09-26T01:14:07Z	6	
249467639	122	4390745	true	2016-09-26T02:41:46Z	2016-09-26T02:41:46Z	6	
249469207	123	4390745	true	2016-09-26T02:57:39Z	2016-09-26T02:57:39Z	4	
249470039	124	4390745	true	2016-09-26T03:06:19Z	2016-09-26T03:06:19Z	4	
249559585	118	1898413	false	2016-09-26T12:46:55Z	2016-09-26T12:46:55Z	99	
249563248	121	1093990	false	2016-09-26T13:03:24Z	2016-09-26T13:03:24Z	78	
249566712	121	4390745	false	2016-09-26T13:18:00Z	2016-09-26T13:18:00Z	18	
249567181	121	1093990	false	2016-09-26T13:20:04Z	2016-09-26T13:20:04Z	9	
249567447	123	1093990	true	2016-09-26T13:21:06Z	2016-09-26T13:21:06Z	12	
249622570	118	12488060	false	2016-09-26T16:30:56Z	2016-09-26T16:30:56Z	36	
249624849	65	1480964	false	2016-09-26T16:39:24Z	2016-09-26T16:39:24Z	25	
249630394	121	4390745	false	2016-09-26T16:59:42Z	2016-09-26T16:59:42Z	21	
249633912	121	4390745	false	2016-09-26T17:12:27Z	2016-09-26T17:12:27Z	93	
249639852	121	1093990	false	2016-09-26T17:34:29Z	2016-09-26T17:34:29Z	14	
249643936	123	4390745	true	2016-09-26T17:49:22Z	2016-09-26T17:49:22Z	6	
249644124	124	4390745	true	2016-09-26T17:49:56Z	2016-09-26T17:49:56Z	5	
249645058	121	1093990	false	2016-09-26T17:53:03Z	2016-09-26T17:53:03Z	108	
249652572	120	11861955	false	2016-09-26T18:18:53Z	2016-09-26T18:18:53Z	93	
249691302	123	11861955	true	2016-09-26T20:42:20Z	2016-09-26T20:42:20Z	113	
249695977	122	11861955	true	2016-09-26T20:59:59Z	2016-09-26T20:59:59Z	83	
249727264	122	4390745	true	2016-09-26T23:30:03Z	2016-09-26T23:30:03Z	34	
249758932	120	4390745	false	2016-09-27T03:44:56Z	2016-09-27T03:44:56Z	71	
249769328	120	11861955	false	2016-09-27T05:24:30Z	2016-09-27T05:24:30Z	70	
249852119	120	22372887	false	2016-09-27T12:37:23Z	2016-09-27T12:37:23Z	55	
249872346	120	4390745	false	2016-09-27T13:56:55Z	2016-09-27T13:56:55Z	16	
249874666	123	4390745	true	2016-09-27T14:04:55Z	2016-09-27T14:04:55Z	79	
249891518	121	1093990	false	2016-09-27T15:01:57Z	2016-09-27T15:01:57Z	11	
249898524	120	22372887	false	2016-09-27T15:23:22Z	2016-09-27T15:23:22Z	10	
249912256	121	4390745	false	2016-09-27T16:04:41Z	2016-09-27T16:04:41Z	23	
249922559	121	1093990	false	2016-09-27T16:39:57Z	2016-09-27T16:39:57Z	5	
249929087	121	1093990	false	2016-09-27T17:02:11Z	2016-09-27T17:02:11Z	2	
250013971	121	4390745	false	2016-09-27T22:09:07Z	2016-09-27T22:09:07Z	107	
250014119	121	4390745	false	2016-09-27T22:09:54Z	2016-09-27T22:09:54Z	14	
250031812	121	1093990	false	2016-09-27T23:47:14Z	2016-09-27T23:47:14Z	21	
250576291	125	4390745	true	2016-09-29T20:06:52Z	2016-09-29T20:06:52Z	3	
251042957	125	4390745	true	2016-10-03T07:28:19Z	2016-10-03T07:28:19Z	6	
251208598	126	12059066	true	2016-10-03T19:54:51Z	2016-10-03T19:54:51Z	7	
251418912	128	12488060	true	2016-10-04T15:15:31Z	2016-10-04T15:15:31Z	8	
251446160	128	12059066	true	2016-10-04T16:53:04Z	2016-10-04T16:53:04Z	1	
251556384	128	158390	true	2016-10-05T01:02:48Z	2016-10-05T01:02:48Z	1	
251561102	127	158390	false	2016-10-05T01:40:36Z	2016-10-05T01:40:36Z	22	
251608053	127	11070997	false	2016-10-05T08:00:11Z	2016-10-05T08:00:11Z	109	
251835969	127	12057627	false	2016-10-06T00:18:28Z	2016-10-06T00:18:28Z	41	
251871624	127	11070997	false	2016-10-06T05:39:44Z	2016-10-06T05:39:44Z	1	
252047231	118	158390	false	2016-10-06T18:23:34Z	2016-10-06T18:23:34Z	23	
252309433	130	158390	true	2016-10-07T17:15:58Z	2016-10-07T17:15:58Z	1	
252315300	130	12488060	true	2016-10-07T17:41:44Z	2016-10-07T17:41:44Z	5	
252486085	131	1898413	false	2016-10-09T13:20:49Z	2016-10-09T13:20:49Z	23	
252486966	131	7501201	false	2016-10-09T13:40:36Z	2016-10-09T13:40:36Z	30	
252813763	129	158390	true	2016-10-11T04:54:02Z	2016-10-11T04:54:02Z	23	
253273022	132	12488060	false	2016-10-12T16:58:33Z	2016-10-12T16:58:33Z	7	
253351831	129	134460	true	2016-10-12T21:57:14Z	2016-10-12T21:57:14Z	4	
253352089	129	12488060	true	2016-10-12T21:58:22Z	2016-10-12T21:58:22Z	1	
254070385	126	158390	true	2016-10-16T19:58:03Z	2016-10-16T19:58:03Z	1	
254229915	129	134460	true	2016-10-17T14:50:28Z	2016-10-17T14:50:28Z	10	
254267903	133	12488060	false	2016-10-17T17:00:56Z	2016-10-17T17:00:56Z	8	
254280253	134	158390	false	2016-10-17T17:46:15Z	2016-10-17T17:46:15Z	65	
254281765	134	12488060	false	2016-10-17T17:51:32Z	2016-10-17T17:51:32Z	16	
254299897	134	1550766	false	2016-10-17T18:57:25Z	2016-10-17T18:57:25Z	8	
254303348	134	158390	false	2016-10-17T19:09:54Z	2016-10-17T19:09:54Z	25	
254561819	134	134460	false	2016-10-18T16:23:45Z	2016-10-18T16:23:45Z	60	
254612180	135	11861955	true	2016-10-18T19:24:32Z	2016-10-18T19:24:32Z	6	
254638080	135	11861955	true	2016-10-18T21:00:56Z	2016-10-18T21:00:56Z	69	
254651838	126	158390	true	2016-10-18T21:58:51Z	2016-10-18T21:58:51Z	4	
254654215	135	11861955	true	2016-10-18T22:09:37Z	2016-10-18T22:09:37Z	48	
256216841	137	12488060	true	2016-10-26T00:24:21Z	2016-10-26T00:24:21Z	11	
256222170	137	12059066	true	2016-10-26T01:04:07Z	2016-10-26T01:04:07Z	14	
256222559	137	158390	true	2016-10-26T01:07:03Z	2016-10-26T01:07:03Z	29	
256351357	137	134460	true	2016-10-26T13:43:51Z	2016-10-26T13:43:51Z	26	
256394369	137	12488060	true	2016-10-26T15:57:50Z	2016-10-26T15:57:50Z	38	
256486341	137	12488060	true	2016-10-26T21:43:56Z	2016-10-26T21:43:56Z	22	
256524834	136	12488060	false	2016-10-27T01:44:41Z	2016-10-27T01:44:41Z	342	
257064851	134	1550766	false	2016-10-29T02:09:00Z	2016-10-29T02:09:00Z	32	
257076176	136	12488060	false	2016-10-29T07:14:07Z	2016-10-29T07:14:07Z	55	
257467941	136	1550766	false	2016-11-01T01:25:09Z	2016-11-01T01:25:09Z	26	
257707541	136	12488060	false	2016-11-01T21:41:36Z	2016-11-01T21:41:36Z	282	
258845488	138	134460	true	2016-11-07T14:13:28Z	2016-11-07T14:13:28Z	3	
258967948	138	158390	true	2016-11-07T21:27:13Z	2016-11-07T21:27:13Z	11	
259155398	138	17704638	true	2016-11-08T14:47:13Z	2016-11-08T14:47:13Z	9	
259179001	138	134460	true	2016-11-08T16:07:34Z	2016-11-08T16:07:34Z	24	
259200199	138	17704638	true	2016-11-08T17:20:38Z	2016-11-08T17:20:38Z	10	
260083240	8	158390	false	2016-11-11T23:58:21Z	2016-11-11T23:58:21Z	12	
260084788	8	12488060	false	2016-11-12T00:10:54Z	2016-11-12T00:10:54Z	36	
260422254	139	12488060	true	2016-11-14T18:40:26Z	2016-11-14T18:40:26Z	1	
260423471	139	158390	true	2016-11-14T18:44:40Z	2016-11-14T18:44:40Z	1	
260705197	138	134460	true	2016-11-15T17:17:13Z	2016-11-15T17:17:13Z	7	
260813658	140	158390	true	2016-11-16T00:18:53Z	2016-11-16T00:18:53Z	65	
260815420	140	12488060	true	2016-11-16T00:29:39Z	2016-11-16T00:29:39Z	12	
261041728	139	134460	true	2016-11-16T19:11:12Z	2016-11-16T19:11:12Z	11	
261056308	139	12488060	true	2016-11-16T20:05:54Z	2016-11-16T20:05:54Z	58	
261103209	140	12488060	true	2016-11-16T23:12:18Z	2016-11-16T23:12:18Z	2	
261143455	141	134460	true	2016-11-17T03:14:13Z	2016-11-17T03:14:13Z	2	
261330132	141	134460	true	2016-11-17T18:36:35Z	2016-11-17T18:36:35Z	7	
261401284	140	11861955	true	2016-11-17T23:19:58Z	2016-11-17T23:19:58Z	2	
261675754	142	906649	true	2016-11-19T00:19:12Z	2016-11-19T00:19:12Z	11	
261676712	142	12488060	true	2016-11-19T00:26:44Z	2016-11-19T00:26:44Z	14	
261677011	142	12059066	true	2016-11-19T00:29:26Z	2016-11-19T00:29:26Z	8	
261679400	142	12059066	true	2016-11-19T00:50:35Z	2016-11-19T00:50:35Z	5	
262001037	142	134460	true	2016-11-21T17:06:43Z	2016-11-21T17:06:43Z	23	
262019228	142	12488060	true	2016-11-21T18:09:27Z	2016-11-21T18:09:27Z	16	
262061319	142	906649	true	2016-11-21T20:43:38Z	2016-11-21T20:43:38Z	25	
262062852	142	12488060	true	2016-11-21T20:49:50Z	2016-11-21T20:49:50Z	1	
262063883	142	906649	true	2016-11-21T20:53:43Z	2016-11-21T20:53:43Z	24	
262402363	143	14864042	true	2016-11-23T00:00:05Z	2016-11-23T00:00:05Z	7	
262412567	143	12488060	true	2016-11-23T01:09:43Z	2016-11-23T01:09:43Z	16	
262427546	144	906649	true	2016-11-23T03:26:35Z	2016-11-23T03:26:35Z	3	
262648235	143	1569843	true	2016-11-23T22:44:42Z	2016-11-23T22:44:42Z	1	
262675199	146	906649	true	2016-11-24T02:19:00Z	2016-11-24T02:19:00Z	3	
262680861	146	158390	true	2016-11-24T03:13:57Z	2016-11-24T03:13:57Z	24	
262902603	147	158390	true	2016-11-25T08:17:51Z	2016-11-25T08:17:51Z	11	
263014970	147	12488060	true	2016-11-25T19:38:58Z	2016-11-25T19:38:58Z	12	
263015695	147	158390	true	2016-11-25T19:47:02Z	2016-11-25T19:47:02Z	30	
263015961	147	12488060	true	2016-11-25T19:50:06Z	2016-11-25T19:50:06Z	25	
263032654	147	158390	true	2016-11-25T23:39:31Z	2016-11-25T23:39:31Z	25	
263034832	147	14864042	true	2016-11-26T00:18:39Z	2016-11-26T00:18:39Z	1	
263079190	148	158390	true	2016-11-26T18:45:21Z	2016-11-26T18:45:21Z	1	
263081240	148	12488060	true	2016-11-26T19:29:50Z	2016-11-26T19:29:50Z	15	
263086404	149	158390	true	2016-11-26T21:16:25Z	2016-11-26T21:16:25Z	1	
263159865	145	134460	true	2016-11-28T00:35:54Z	2016-11-28T00:35:54Z	3	
263185801	148	1898413	true	2016-11-28T05:21:12Z	2016-11-28T05:21:12Z	72	
263391624	148	12488060	true	2016-11-28T20:56:48Z	2016-11-28T20:56:48Z	107	
263452285	148	1898413	true	2016-11-29T01:47:09Z	2016-11-29T01:47:09Z	6	
263565489	139	696611	true	2016-11-29T13:08:05Z	2016-11-29T13:08:05Z	7	
264255270	150	12488060	false	2016-12-01T18:37:14Z	2016-12-01T18:37:14Z	18	
264371262	150	1898413	false	2016-12-02T04:33:49Z	2016-12-02T04:33:49Z	6	
264600942	151	12488060	true	2016-12-03T00:49:27Z	2016-12-03T00:49:27Z	1	
264946622	151	134460	true	2016-12-05T19:11:27Z	2016-12-05T19:11:27Z	7	
264958793	151	12488060	true	2016-12-05T19:54:54Z	2016-12-05T19:54:54Z	13	
265130202	153	12057627	false	2016-12-06T11:44:49Z	2016-12-06T11:44:49Z	7	
265235746	153	8389594	false	2016-12-06T18:45:58Z	2016-12-06T18:45:58Z	19	
265240693	153	12488060	false	2016-12-06T19:03:24Z	2016-12-06T19:03:24Z	33	
265245190	153	8389594	false	2016-12-06T19:19:51Z	2016-12-06T19:19:51Z	10	
265247941	153	12057627	false	2016-12-06T19:29:53Z	2016-12-06T19:29:53Z	1	
265275430	153	8389594	false	2016-12-06T21:18:52Z	2016-12-06T21:18:52Z	13	
265286887	153	8389594	false	2016-12-06T22:02:11Z	2016-12-06T22:02:11Z	21	
266777799	151	134460	true	2016-12-13T15:59:40Z	2016-12-13T15:59:40Z	8	
266813007	154	158390	false	2016-12-13T18:00:17Z	2016-12-13T18:00:17Z	5	
267428440	154	12488060	false	2016-12-15T20:00:32Z	2016-12-15T20:00:32Z	345	
267454007	154	12488060	false	2016-12-15T21:47:52Z	2016-12-15T21:47:52Z	14	
267648471	154	12488060	false	2016-12-16T17:28:08Z	2016-12-16T17:28:08Z	21	
267648937	156	12488060	false	2016-12-16T17:30:21Z	2016-12-16T17:30:21Z	3	
267650297	156	11861955	false	2016-12-16T17:35:21Z	2016-12-16T17:35:21Z	15	
267672053	156	13093042	false	2016-12-16T19:10:28Z	2016-12-16T19:10:28Z	77	
267679923	156	739813	false	2016-12-16T19:45:24Z	2016-12-16T19:45:24Z	9	
267690121	156	13093042	false	2016-12-16T20:36:34Z	2016-12-16T20:36:34Z	75	
267708779	156	739813	false	2016-12-16T22:13:42Z	2016-12-16T22:13:42Z	46	
268091790	152	158390	false	2016-12-19T22:03:16Z	2016-12-19T22:03:16Z	8	
268106450	157	14864042	false	2016-12-19T23:14:19Z	2016-12-19T23:14:19Z	199	
268114514	157	1303660	false	2016-12-20T00:01:02Z	2016-12-20T00:01:02Z	188	
268126457	157	14864042	false	2016-12-20T01:19:12Z	2016-12-20T01:19:12Z	161	
268405643	157	14864042	false	2016-12-21T01:06:40Z	2016-12-21T01:06:40Z	54	
268887592	157	1303660	false	2016-12-22T20:49:41Z	2016-12-22T20:49:41Z	9	
269533321	160	158390	true	2016-12-28T20:08:53Z	2016-12-28T20:08:53Z	4	
269684051	161	14864042	false	2016-12-29T19:53:22Z	2016-12-29T19:53:22Z	227	
269693209	160	12488060	true	2016-12-29T21:04:05Z	2016-12-29T21:04:05Z	1	
269693225	161	638477	false	2016-12-29T21:04:09Z	2016-12-29T21:04:09Z	350	
269694976	121	4390745	false	2016-12-29T21:18:12Z	2016-12-29T21:18:12Z	6	
269702726	159	14864042	false	2016-12-29T22:21:56Z	2016-12-29T22:21:56Z	66	
269705577	161	14864042	false	2016-12-29T22:46:57Z	2016-12-29T22:46:57Z	223	
269732317	159	638477	false	2016-12-30T04:50:16Z	2016-12-30T04:50:16Z	17	
269733589	161	638477	false	2016-12-30T05:15:45Z	2016-12-30T05:15:45Z	178	
269734441	161	638477	false	2016-12-30T05:36:20Z	2016-12-30T05:36:20Z	176	
269744486	161	14864042	false	2016-12-30T08:15:37Z	2016-12-30T08:15:37Z	281	
269744999	159	14864042	false	2016-12-30T08:22:34Z	2016-12-30T08:22:34Z	70	
269763556	161	638477	false	2016-12-30T11:55:40Z	2016-12-30T11:55:40Z	172	
269767435	159	638477	false	2016-12-30T12:41:54Z	2016-12-30T12:41:54Z	131	
269888732	159	14864042	false	2017-01-01T01:28:01Z	2017-01-01T01:28:01Z	457	
269925911	156	739813	false	2017-01-02T00:10:14Z	2017-01-02T00:10:14Z	4	
270039166	156	158390	false	2017-01-03T01:20:01Z	2017-01-03T01:20:01Z	34	
270249535	160	158390	true	2017-01-03T22:56:17Z	2017-01-03T22:56:17Z	5	
270260074	154	8389594	false	2017-01-03T23:58:39Z	2017-01-03T23:58:39Z	5	
270431748	163	12059066	false	2017-01-04T17:29:02Z	2017-01-04T17:29:02Z	48	
