69662573	446	495647	true	2016-07-06T01:00:08Z	2016-07-06T01:00:08Z	11	setup/fedora23/host_vars/.gitignore
69676185	446	176984	true	2016-07-06T05:13:06Z	2016-07-06T05:13:06Z	6	setup/fedora23/host_vars/.gitignore
73567573	461	176984	true	2016-08-04T17:36:49Z	2016-08-04T17:36:49Z	7	setup/aix61/manualBootstrap.txt
73567693	461	176984	true	2016-08-04T17:37:33Z	2016-08-04T17:37:33Z	23	setup/aix61/manualBootstrap.txt
228809245	438	9373002	false	2016-06-27T17:07:10Z	2016-06-27T17:07:10Z	3	
228809405	438	176984	false	2016-06-27T17:07:47Z	2016-06-27T17:07:47Z	13	
229111983	438	739813	false	2016-06-28T16:56:19Z	2016-06-28T16:56:19Z	28	
229148737	420	9373002	false	2016-06-28T19:00:32Z	2016-06-28T19:00:32Z	30	
229149301	433	9373002	false	2016-06-28T19:02:30Z	2016-06-28T19:02:30Z	20	
229175612	438	9373002	false	2016-06-28T20:38:34Z	2016-06-28T20:38:34Z	128	
229179674	438	9373002	false	2016-06-28T20:52:48Z	2016-06-28T20:52:48Z	5	
229179926	443	9373002	true	2016-06-28T20:53:44Z	2016-06-28T20:53:44Z	1	
229181848	443	498775	true	2016-06-28T21:00:20Z	2016-06-28T21:00:20Z	1	
229252859	55	176984	false	2016-06-29T04:23:09Z	2016-06-29T04:23:09Z	45	
229257310	55	495647	false	2016-06-29T05:04:40Z	2016-06-29T05:04:40Z	15	
229370978	55	176984	false	2016-06-29T14:21:16Z	2016-06-29T14:21:16Z	13	
229400002	75	984304	false	2016-06-29T15:50:26Z	2016-06-29T15:50:26Z	44	
229626177	316	1093990	true	2016-06-30T10:53:43Z	2016-06-30T10:53:43Z	14	
229713412	443	134460	true	2016-06-30T16:30:25Z	2016-06-30T16:30:25Z	16	
230229747	442	1093990	false	2016-07-04T08:05:05Z	2016-07-04T08:05:05Z	2	
230233275	442	1093990	false	2016-07-04T08:23:18Z	2016-07-04T08:23:18Z	14	
230351594	316	176984	true	2016-07-04T20:37:37Z	2016-07-04T20:37:37Z	3	
230360792	442	176984	false	2016-07-04T22:39:25Z	2016-07-04T22:39:25Z	76	
230387958	442	495647	false	2016-07-05T05:01:46Z	2016-07-05T05:01:46Z	213	
230458311	75	495647	false	2016-07-05T11:56:07Z	2016-07-05T11:56:07Z	182	
230467644	75	54712	false	2016-07-05T12:44:35Z	2016-07-05T12:44:35Z	46	
230468032	75	495647	false	2016-07-05T12:46:16Z	2016-07-05T12:46:16Z	43	
230468396	75	275871	false	2016-07-05T12:47:55Z	2016-07-05T12:47:55Z	29	
230468796	75	968267	false	2016-07-05T12:49:57Z	2016-07-05T12:49:57Z	48	
230477195	75	54712	false	2016-07-05T13:25:39Z	2016-07-05T13:25:39Z	70	
230495162	444	9373002	false	2016-07-05T14:31:30Z	2016-07-05T14:31:30Z	10	
230557172	443	9373002	true	2016-07-05T18:11:01Z	2016-07-05T18:11:01Z	9	
230559133	443	9373002	true	2016-07-05T18:18:17Z	2016-07-05T18:18:17Z	3	
230569159	438	9373002	false	2016-07-05T18:54:18Z	2016-07-05T18:54:18Z	4	
230583458	206	134460	false	2016-07-05T19:50:59Z	2016-07-05T19:50:59Z	89	
230642501	447	495647	false	2016-07-06T00:37:57Z	2016-07-06T00:37:57Z	23	
230665454	355	495647	false	2016-07-06T03:57:40Z	2016-07-06T03:57:40Z	54	
230679262	355	553140	false	2016-07-06T06:12:12Z	2016-07-06T06:12:12Z	58	
230698249	355	495647	false	2016-07-06T07:27:08Z	2016-07-06T07:27:08Z	33	
230700161	446	495647	true	2016-07-06T07:38:26Z	2016-07-06T07:38:26Z	88	
230700255	446	495647	true	2016-07-06T07:39:00Z	2016-07-06T07:39:00Z	16	
230774775	447	9373002	false	2016-07-06T13:43:07Z	2016-07-06T13:43:07Z	3	
230917306	447	1231635	false	2016-07-06T21:47:13Z	2016-07-06T21:47:13Z	34	
230942733	447	498775	false	2016-07-06T23:59:51Z	2016-07-06T23:59:51Z	1	
231387786	421	9373002	true	2016-07-08T15:18:18Z	2016-07-08T15:18:18Z	38	
231388429	438	9373002	false	2016-07-08T15:20:36Z	2016-07-08T15:20:36Z	26	
231389274	350	9373002	false	2016-07-08T15:23:40Z	2016-07-08T15:23:40Z	21	
231475934	438	739813	false	2016-07-08T21:21:37Z	2016-07-08T21:21:37Z	6	
231531851	206	275871	false	2016-07-09T12:22:02Z	2016-07-09T12:22:02Z	61	
231541148	421	176984	true	2016-07-09T15:55:49Z	2016-07-09T15:55:49Z	4	
231541287	438	176984	false	2016-07-09T15:58:45Z	2016-07-09T15:58:45Z	14	
231609851	404	1231635	false	2016-07-10T20:44:18Z	2016-07-10T20:44:18Z	11	
231765453	438	9373002	false	2016-07-11T15:15:04Z	2016-07-11T15:15:04Z	8	
231765893	404	176984	false	2016-07-11T15:16:21Z	2016-07-11T15:16:21Z	9	
231768551	421	9373002	true	2016-07-11T15:24:50Z	2016-07-11T15:24:50Z	3	
232003935	367	1093990	false	2016-07-12T10:43:33Z	2016-07-12T10:43:33Z	3	
232004295	367	495647	false	2016-07-12T10:45:24Z	2016-07-12T10:45:24Z	3	
232015245	350	495647	false	2016-07-12T11:29:04Z	2016-07-12T11:29:04Z	11	
232095652	433	9373002	false	2016-07-12T16:05:21Z	2016-07-12T16:05:21Z	7	
232095846	395	9373002	false	2016-07-12T16:06:11Z	2016-07-12T16:06:11Z	13	
232096279	395	9373002	false	2016-07-12T16:08:00Z	2016-07-12T16:08:00Z	13	
232147650	447	176984	false	2016-07-12T19:07:33Z	2016-07-12T19:07:33Z	17	
232239497	447	495647	false	2016-07-13T02:45:36Z	2016-07-13T02:45:36Z	16	
232324214	366	495647	false	2016-07-13T11:03:34Z	2016-07-13T11:03:34Z	120	
232787724	449	9373002	false	2016-07-14T20:48:19Z	2016-07-14T20:48:19Z	15	
232787982	449	498775	false	2016-07-14T20:49:15Z	2016-07-14T20:49:15Z	39	
232791048	449	176984	false	2016-07-14T21:00:50Z	2016-07-14T21:00:50Z	6	
232793752	449	9373002	false	2016-07-14T21:11:27Z	2016-07-14T21:11:27Z	45	
232794163	350	9373002	false	2016-07-14T21:13:19Z	2016-07-14T21:13:19Z	19	
232796577	448	9373002	false	2016-07-14T21:23:05Z	2016-07-14T21:23:05Z	105	
232801086	448	498775	false	2016-07-14T21:41:48Z	2016-07-14T21:41:48Z	38	
232802204	448	176984	false	2016-07-14T21:46:40Z	2016-07-14T21:46:40Z	30	
232965973	450	1625870	false	2016-07-15T14:28:00Z	2016-07-15T14:28:00Z	72	
233000732	450	1231635	false	2016-07-15T16:29:49Z	2016-07-15T16:29:49Z	137	
233098012	450	176984	false	2016-07-16T00:36:56Z	2016-07-16T00:36:56Z	22	
233422054	446	176984	true	2016-07-18T18:49:46Z	2016-07-18T18:49:46Z	41	
233490969	55	176984	false	2016-07-18T23:38:17Z	2016-07-18T23:38:17Z	35	
233491695	450	176984	false	2016-07-18T23:42:58Z	2016-07-18T23:42:58Z	17	
233606440	450	495647	false	2016-07-19T11:37:19Z	2016-07-19T11:37:19Z	48	
233609474	450	176984	false	2016-07-19T11:53:33Z	2016-07-19T11:53:33Z	4	
233619741	446	495647	true	2016-07-19T12:41:37Z	2016-07-19T12:41:37Z	9	
233675752	446	176984	true	2016-07-19T15:46:26Z	2016-07-19T15:46:26Z	36	
233676398	450	9373002	false	2016-07-19T15:48:17Z	2016-07-19T15:48:17Z	17	
233695687	450	176984	false	2016-07-19T16:51:44Z	2016-07-19T16:51:44Z	3	
233719720	451	9373002	false	2016-07-19T18:16:08Z	2016-07-19T18:16:08Z	19	
233740681	451	176984	false	2016-07-19T19:31:33Z	2016-07-19T19:31:33Z	7	
233757489	448	739813	false	2016-07-19T20:35:53Z	2016-07-19T20:35:53Z	27	
233764124	451	9373002	false	2016-07-19T21:00:32Z	2016-07-19T21:00:32Z	8	
233774425	451	9373002	false	2016-07-19T21:38:19Z	2016-07-19T21:38:19Z	12	
234338311	415	176984	false	2016-07-21T18:16:46Z	2016-07-21T18:16:46Z	9	
234338532	415	718899	false	2016-07-21T18:17:29Z	2016-07-21T18:17:29Z	4	
234345930	415	176984	false	2016-07-21T18:43:13Z	2016-07-21T18:43:13Z	14	
234577324	452	9373002	false	2016-07-22T15:36:39Z	2016-07-22T15:36:39Z	22	
234583927	452	9373002	false	2016-07-22T16:00:41Z	2016-07-22T16:00:41Z	10	
234606960	452	9373002	false	2016-07-22T17:36:02Z	2016-07-22T17:36:02Z	34	
234608860	393	498775	false	2016-07-22T17:43:35Z	2016-07-22T17:43:35Z	7	
234611618	453	498775	false	2016-07-22T17:54:49Z	2016-07-22T17:54:49Z	36	
234613236	452	9373002	false	2016-07-22T18:01:07Z	2016-07-22T18:01:07Z	24	
234629602	453	176984	false	2016-07-22T19:07:06Z	2016-07-22T19:07:06Z	30	
234634413	452	176984	false	2016-07-22T19:28:46Z	2016-07-22T19:28:46Z	24	
234662981	452	9373002	false	2016-07-22T21:36:29Z	2016-07-22T21:36:29Z	51	
234663240	452	9373002	false	2016-07-22T21:37:44Z	2016-07-22T21:37:44Z	51	
234715987	454	968267	false	2016-07-23T12:35:43Z	2016-07-23T12:35:43Z	90	
234765001	453	15943089	false	2016-07-24T08:32:58Z	2016-07-24T08:32:58Z	8	
234766758	453	498775	false	2016-07-24T09:19:54Z	2016-07-24T09:19:54Z	29	
234767112	453	15943089	false	2016-07-24T09:27:47Z	2016-07-24T09:27:47Z	21	
234767340	453	498775	false	2016-07-24T09:33:39Z	2016-07-24T09:33:39Z	26	
234797894	454	968267	false	2016-07-24T19:46:39Z	2016-07-24T19:46:39Z	35	
234799538	452	9373002	false	2016-07-24T20:17:42Z	2016-07-24T20:17:42Z	15	
234799579	454	176984	false	2016-07-24T20:18:37Z	2016-07-24T20:18:37Z	6	
234820315	455	134460	true	2016-07-25T01:59:22Z	2016-07-25T01:59:22Z	2	
234826269	448	25966	false	2016-07-25T03:01:29Z	2016-07-25T03:01:29Z	180	
234982731	317	15943089	false	2016-07-25T15:11:41Z	2016-07-25T15:11:41Z	20	
235033638	317	498775	false	2016-07-25T18:04:53Z	2016-07-25T18:04:53Z	31	
235056425	455	176984	true	2016-07-25T19:21:39Z	2016-07-25T19:21:39Z	1	
235173229	455	9373002	true	2016-07-26T06:18:52Z	2016-07-26T06:18:52Z	1	
235223842	455	968267	true	2016-07-26T10:00:39Z	2016-07-26T10:00:39Z	2	
235267694	456	134460	false	2016-07-26T13:30:56Z	2016-07-26T13:30:56Z	59	
235329124	456	718899	false	2016-07-26T16:44:07Z	2016-07-26T16:44:07Z	22	
235416224	456	176984	false	2016-07-26T21:48:22Z	2016-07-26T21:48:22Z	8	
235418386	456	134460	false	2016-07-26T21:56:49Z	2016-07-26T21:56:49Z	49	
235435870	456	176984	false	2016-07-26T23:21:09Z	2016-07-26T23:21:09Z	41	
235668872	456	134460	false	2016-07-27T18:03:03Z	2016-07-27T18:03:03Z	51	
235864296	316	1231635	true	2016-07-28T11:00:42Z	2016-07-28T11:00:42Z	33	
235895100	316	176984	true	2016-07-28T13:32:14Z	2016-07-28T13:32:14Z	4	
235898485	316	176984	true	2016-07-28T13:44:53Z	2016-07-28T13:44:53Z	8	
235950093	316	1231635	true	2016-07-28T16:31:59Z	2016-07-28T16:31:59Z	58	
236607015	457	134460	false	2016-08-01T15:02:05Z	2016-08-01T15:02:05Z	89	
236621385	457	317464	false	2016-08-01T15:50:06Z	2016-08-01T15:50:06Z	11	
237272606	452	9373002	false	2016-08-03T15:28:55Z	2016-08-03T15:28:55Z	10	
237348523	460	134460	false	2016-08-03T19:41:18Z	2016-08-03T19:41:18Z	23	
237348773	460	54666	false	2016-08-03T19:42:11Z	2016-08-03T19:42:11Z	3	
237424979	459	9373002	false	2016-08-04T01:28:49Z	2016-08-04T01:28:49Z	27	
237425208	459	9373002	false	2016-08-04T01:30:43Z	2016-08-04T01:30:43Z	36	
237502375	460	134460	false	2016-08-04T09:32:03Z	2016-08-04T09:32:03Z	3	
237546678	455	9373002	true	2016-08-04T13:05:38Z	2016-08-04T13:05:38Z	3	
237587600	455	968267	true	2016-08-04T15:23:46Z	2016-08-04T15:23:46Z	1	
237625857	458	176984	true	2016-08-04T17:35:25Z	2016-08-04T17:35:25Z	1	
237626737	459	176984	false	2016-08-04T17:38:38Z	2016-08-04T17:38:38Z	10	
237655559	459	9373002	false	2016-08-04T19:19:09Z	2016-08-04T19:19:09Z	18	
237655963	461	9373002	true	2016-08-04T19:20:44Z	2016-08-04T19:20:44Z	23	
237658662	459	9373002	false	2016-08-04T19:31:36Z	2016-08-04T19:31:36Z	19	
237659089	461	9373002	true	2016-08-04T19:33:06Z	2016-08-04T19:33:06Z	17	
237682708	459	9373002	false	2016-08-04T21:03:13Z	2016-08-04T21:03:13Z	38	
237691046	461	9373002	true	2016-08-04T21:36:01Z	2016-08-04T21:36:01Z	16	
237717211	459	176984	false	2016-08-04T23:35:14Z	2016-08-04T23:35:14Z	4	
237717341	459	9373002	false	2016-08-04T23:36:04Z	2016-08-04T23:36:04Z	12	
237717501	459	9373002	false	2016-08-04T23:37:01Z	2016-08-04T23:37:01Z	37	
237717634	459	9373002	false	2016-08-04T23:37:51Z	2016-08-04T23:37:51Z	34	
237717709	459	176984	false	2016-08-04T23:38:17Z	2016-08-04T23:38:17Z	6	
237743490	459	176984	false	2016-08-05T02:59:29Z	2016-08-05T02:59:29Z	1	
237879230	459	9373002	false	2016-08-05T15:20:18Z	2016-08-05T15:20:18Z	62	
238226554	445	9373002	false	2016-08-08T12:54:31Z	2016-08-08T12:54:31Z	52	
238277371	445	176984	false	2016-08-08T15:40:20Z	2016-08-08T15:40:20Z	8	
238290644	459	9373002	false	2016-08-08T16:24:43Z	2016-08-08T16:24:43Z	58	
238290743	459	9373002	false	2016-08-08T16:25:03Z	2016-08-08T16:25:03Z	14	
238381023	455	176984	true	2016-08-08T21:19:34Z	2016-08-08T21:19:34Z	35	
238381352	458	176984	true	2016-08-08T21:20:41Z	2016-08-08T21:20:41Z	3	
238558701	447	176984	false	2016-08-09T13:50:09Z	2016-08-09T13:50:09Z	4	
238560372	441	176984	false	2016-08-09T13:55:46Z	2016-08-09T13:55:46Z	7	
238571408	376	176984	false	2016-08-09T14:30:44Z	2016-08-09T14:30:44Z	5	
238592482	462	968267	false	2016-08-09T15:35:03Z	2016-08-09T15:35:03Z	3	
238596589	459	9373002	false	2016-08-09T15:47:44Z	2016-08-09T15:47:44Z	9	
238610887	462	9373002	false	2016-08-09T16:33:39Z	2016-08-09T16:33:39Z	19	
238684092	63	718899	false	2016-08-09T20:40:45Z	2016-08-09T20:40:45Z	38	
238721769	459	718899	false	2016-08-09T23:18:57Z	2016-08-09T23:18:57Z	25	
238738510	459	134460	false	2016-08-10T01:06:25Z	2016-08-10T01:06:25Z	69	
238759050	459	718899	false	2016-08-10T03:51:23Z	2016-08-10T03:51:23Z	44	
238865420	459	9373002	false	2016-08-10T13:25:24Z	2016-08-10T13:25:24Z	159	
238887109	463	176984	false	2016-08-10T14:37:51Z	2016-08-10T14:37:51Z	22	
238954390	464	9373002	true	2016-08-10T18:13:44Z	2016-08-10T18:13:44Z	9	
238961168	464	968267	true	2016-08-10T18:35:35Z	2016-08-10T18:35:35Z	30	
238964948	459	718899	false	2016-08-10T18:47:27Z	2016-08-10T18:47:27Z	127	
239011097	465	176984	false	2016-08-10T21:31:15Z	2016-08-10T21:31:15Z	9	
239011307	465	176984	false	2016-08-10T21:32:09Z	2016-08-10T21:32:09Z	25	
239011378	465	176984	false	2016-08-10T21:32:28Z	2016-08-10T21:32:28Z	16	
239019307	463	134460	false	2016-08-10T22:04:59Z	2016-08-10T22:04:59Z	7	
239050406	459	134460	false	2016-08-11T01:10:38Z	2016-08-11T01:10:38Z	85	
239134971	465	317464	false	2016-08-11T11:25:06Z	2016-08-11T11:25:06Z	17	
239147732	465	176984	false	2016-08-11T12:33:30Z	2016-08-11T12:33:30Z	11	
239150272	463	9373002	false	2016-08-11T12:45:33Z	2016-08-11T12:45:33Z	36	
239150455	465	317464	false	2016-08-11T12:46:24Z	2016-08-11T12:46:24Z	3	
239156663	459	9373002	false	2016-08-11T13:13:12Z	2016-08-11T13:13:12Z	23	
239214464	459	9373002	false	2016-08-11T16:28:02Z	2016-08-11T16:28:02Z	8	
239229713	437	176984	true	2016-08-11T17:22:49Z	2016-08-11T17:22:49Z	7	
239252093	459	9373002	false	2016-08-11T18:40:14Z	2016-08-11T18:40:14Z	4	
239268318	459	9373002	false	2016-08-11T19:38:31Z	2016-08-11T19:38:31Z	6	
239271016	459	9373002	false	2016-08-11T19:48:54Z	2016-08-11T19:48:54Z	45	
239277730	459	134460	false	2016-08-11T20:13:23Z	2016-08-11T20:13:23Z	75	
239305848	459	9373002	false	2016-08-11T21:57:18Z	2016-08-11T21:57:18Z	35	
239309164	459	9373002	false	2016-08-11T22:11:10Z	2016-08-11T22:11:10Z	11	
239345126	459	9373002	false	2016-08-12T02:09:15Z	2016-08-12T02:09:15Z	21	
239352567	459	9373002	false	2016-08-12T03:22:19Z	2016-08-12T03:22:19Z	4	
239473810	465	176984	false	2016-08-12T15:14:00Z	2016-08-12T15:14:00Z	38	
239482415	468	968267	true	2016-08-12T15:45:39Z	2016-08-12T15:45:39Z	30	
239484628	468	176984	true	2016-08-12T15:53:54Z	2016-08-12T15:53:54Z	35	
239504830	468	718899	true	2016-08-12T17:13:43Z	2016-08-12T17:13:43Z	13	
239527675	468	176984	true	2016-08-12T18:42:55Z	2016-08-12T18:42:55Z	13	
239572719	468	1231635	true	2016-08-12T22:15:02Z	2016-08-12T22:15:02Z	60	
239573463	465	1231635	false	2016-08-12T22:19:23Z	2016-08-12T22:19:23Z	8	
239590217	465	176984	false	2016-08-13T00:35:15Z	2016-08-13T00:35:15Z	5	
