19028695	649d595f2a8ed1e65b7ffbd3d1793cd3bc750dc6	1569843	false	2016-09-14T23:57:36Z	2016-09-14T23:57:36Z	20	src/node_jsvmapi_types.h
19028718	d167e60950ea4219228acd54a30702540f77953a	1569843	false	2016-09-15T00:00:07Z	2016-09-15T00:00:07Z	15	src/node_jsvmapi_types.h
19028732	649d595f2a8ed1e65b7ffbd3d1793cd3bc750dc6	906649	false	2016-09-15T00:01:41Z	2016-09-15T00:01:41Z	44	src/node_jsvmapi_types.h
19028751	d167e60950ea4219228acd54a30702540f77953a	906649	false	2016-09-15T00:04:35Z	2016-09-15T00:04:35Z	23	src/node_jsvmapi_types.h
19028925	649d595f2a8ed1e65b7ffbd3d1793cd3bc750dc6	906649	false	2016-09-15T00:26:47Z	2016-09-15T00:26:47Z	131	src/node_jsvmapi_types.h
19029000	649d595f2a8ed1e65b7ffbd3d1793cd3bc750dc6	906649	false	2016-09-15T00:35:06Z	2016-09-15T00:35:06Z	30	src/node_jsvmapi_types.h
19029096	649d595f2a8ed1e65b7ffbd3d1793cd3bc750dc6	906649	false	2016-09-15T00:47:38Z	2016-09-15T00:47:38Z	57	src/node_jsvmapi_types.h
19029212	2fdf4e86f7a08596c5fc0588c11865168699a774	906649	false	2016-09-15T01:08:33Z	2016-09-15T01:08:33Z	14	src/node_jsvmapi.cc
19029348	2fdf4e86f7a08596c5fc0588c11865168699a774	906649	false	2016-09-15T01:24:04Z	2016-09-15T01:24:04Z	33	src/node_jsvmapi.cc
19029351	2fdf4e86f7a08596c5fc0588c11865168699a774	906649	false	2016-09-15T01:24:24Z	2016-09-15T01:24:24Z	16	src/node_jsvmapi.cc
19029489	2fdf4e86f7a08596c5fc0588c11865168699a774	1569843	false	2016-09-15T01:43:34Z	2016-09-15T01:43:34Z	16	src/node_jsvmapi.cc
19029604	2fdf4e86f7a08596c5fc0588c11865168699a774	906649	false	2016-09-15T01:59:04Z	2016-09-15T01:59:04Z	92	src/node_jsvmapi.cc
19029647	b2b66198a7449a923d99a5078e021d85047c90d1	906649	false	2016-09-15T02:05:43Z	2016-09-15T02:05:43Z	75	src/node_jsvmapi.cc
19039113	d167e60950ea4219228acd54a30702540f77953a	7670632	false	2016-09-15T16:00:07Z	2016-09-15T16:00:07Z	6	src/node_jsvmapi_types.h
19040522	2fdf4e86f7a08596c5fc0588c11865168699a774	7670632	false	2016-09-15T17:21:01Z	2016-09-15T17:21:01Z	33	src/node_jsvmapi.cc
19040742	2fdf4e86f7a08596c5fc0588c11865168699a774	7670632	false	2016-09-15T17:33:30Z	2016-09-15T17:33:30Z	6	src/node_jsvmapi.cc
19042258	2fdf4e86f7a08596c5fc0588c11865168699a774	7670632	false	2016-09-15T18:50:50Z	2016-09-15T18:50:50Z	11	src/node_jsvmapi.cc
19042284	b2b66198a7449a923d99a5078e021d85047c90d1	7670632	false	2016-09-15T18:52:33Z	2016-09-15T18:52:33Z	17	src/node_jsvmapi.cc
19064319	b2b66198a7449a923d99a5078e021d85047c90d1	906649	false	2016-09-17T10:48:14Z	2016-09-17T10:48:14Z	19	src/node_jsvmapi.cc
19064326	2fdf4e86f7a08596c5fc0588c11865168699a774	906649	false	2016-09-17T10:49:23Z	2016-09-17T10:49:23Z	1	src/node_jsvmapi.cc
19064332	2fdf4e86f7a08596c5fc0588c11865168699a774	906649	false	2016-09-17T10:52:21Z	2016-09-17T10:52:21Z	65	src/node_jsvmapi.cc
19064344	d167e60950ea4219228acd54a30702540f77953a	906649	false	2016-09-17T10:58:53Z	2016-09-17T10:58:53Z	55	src/node_jsvmapi_types.h
19273287	d167e60950ea4219228acd54a30702540f77953a	7670632	false	2016-10-03T19:00:56Z	2016-10-03T19:00:56Z	29	src/node_jsvmapi_types.h
19335927	d167e60950ea4219228acd54a30702540f77953a	9373002	false	2016-10-07T15:33:01Z	2016-10-07T15:33:01Z	22	src/node_jsvmapi_types.h
19799416	453696b0b460f7211846684a612d8cd5575ac253	7670632	false	2016-11-13T00:30:46Z	2016-11-13T00:30:46Z	31	
20581559	67f4581fd711cbb8bec0858f4c653e86792e4aae	7670632	false	2017-01-23T20:59:59Z	2017-01-23T20:59:59Z	15	src/node_jsvmapi.cc
89379270	21	7670632	true	2016-11-23T18:57:04Z	2016-11-23T18:57:04Z	11	README.md
89379721	21	12057627	true	2016-11-23T18:59:18Z	2016-11-23T18:59:19Z	25	README.md
89395602	21	9373002	true	2016-11-23T20:40:21Z	2016-11-23T20:49:12Z	5	README.md
89395988	21	9373002	true	2016-11-23T20:42:58Z	2016-11-23T20:49:12Z	4	README.md
89396688	21	9373002	true	2016-11-23T20:48:42Z	2016-11-23T20:49:12Z	50	README.md
89577976	21	158390	true	2016-11-25T08:23:28Z	2016-11-25T08:23:28Z	3	README.md
89621052	21	9373002	true	2016-11-25T13:59:23Z	2016-11-25T13:59:23Z	15	README.md
90686833	23	12057627	true	2016-12-02T17:45:41Z	2016-12-02T17:45:41Z	8	meeting-notes/2016-12-01.md
90994755	23	970121	true	2016-12-06T01:22:50Z	2016-12-06T01:22:50Z	59	meeting-notes/2016-12-01.md
91082129	23	9373002	true	2016-12-06T14:00:16Z	2016-12-06T14:00:16Z	51	meeting-notes/2016-12-01.md
91082398	23	9373002	true	2016-12-06T14:01:47Z	2016-12-06T14:01:47Z	22	meeting-notes/2016-12-01.md
91082518	23	9373002	true	2016-12-06T14:02:28Z	2016-12-06T14:02:28Z	16	meeting-notes/2016-12-01.md
91926871	34	275871	true	2016-12-12T11:12:08Z	2016-12-12T11:12:08Z	6	src/node_jsvmapi.h
96174005	47	976081	true	2017-01-16T07:22:49Z	2017-01-16T07:22:49Z	31	src/node_jsvmapi.cc
96283752	47	13093042	true	2017-01-16T18:25:06Z	2017-01-16T18:25:06Z	27	src/node_jsvmapi.cc
96915250	42	13093042	true	2017-01-19T17:42:49Z	2017-01-19T17:42:49Z	23	src/node_jsvmapi.cc
96915644	42	13093042	true	2017-01-19T17:44:46Z	2017-01-19T17:44:46Z	25	src/node_jsvmapi.cc
96916507	42	13093042	true	2017-01-19T17:48:56Z	2017-01-19T17:48:56Z	17	test/addons-abi/test_exception/test_exception.cc
96917071	43	13093042	true	2017-01-19T17:51:48Z	2017-01-19T17:51:48Z	7	src/node_jsvmapi.h
96918765	49	13093042	true	2017-01-19T17:59:42Z	2017-01-19T17:59:42Z	19	src/node_jsvmapi.cc
96936654	49	13093042	true	2017-01-19T19:23:16Z	2017-01-19T19:23:16Z	42	src/node_jsvmapi.cc
96938687	49	13093042	true	2017-01-19T19:32:08Z	2017-01-19T19:32:08Z	22	src/node_jsvmapi.cc
96938920	49	13093042	true	2017-01-19T19:33:05Z	2017-01-19T19:33:05Z	12	src/node_jsvmapi.cc
96939215	49	13093042	true	2017-01-19T19:34:31Z	2017-01-19T19:34:31Z	23	src/node_jsvmapi.cc
96942210	49	13093042	true	2017-01-19T19:48:15Z	2017-01-19T19:48:15Z	12	test/addons-abi/test_exception/test.js
96960211	49	976081	true	2017-01-19T21:18:23Z	2017-01-19T21:18:23Z	2	src/node_jsvmapi.cc
96961860	49	976081	true	2017-01-19T21:26:34Z	2017-01-19T21:26:34Z	15	src/node_jsvmapi.cc
96963447	49	13093042	true	2017-01-19T21:35:16Z	2017-01-19T21:35:16Z	24	src/node_jsvmapi.cc
96963900	49	13093042	true	2017-01-19T21:37:50Z	2017-01-19T21:37:50Z	16	src/node_jsvmapi.cc
96966960	49	13093042	true	2017-01-19T21:52:51Z	2017-01-19T21:52:51Z	19	src/node_jsvmapi.cc
96971861	48	13093042	true	2017-01-19T22:18:57Z	2017-01-19T22:18:57Z	25	test/addons-abi/test_instanceof/test1.js
96972363	48	13093042	true	2017-01-19T22:21:41Z	2017-01-19T22:21:41Z	14	test/addons-abi/test_instanceof/test2.js
96972692	48	13093042	true	2017-01-19T22:23:28Z	2017-01-19T22:23:28Z	14	test/addons-abi/test_instanceof/test0.js
96973141	48	13093042	true	2017-01-19T22:25:59Z	2017-01-19T22:25:59Z	8	src/node_jsvmapi.cc
96973457	48	13093042	true	2017-01-19T22:27:38Z	2017-01-19T22:27:38Z	11	src/node_jsvmapi.cc
96973873	48	13093042	true	2017-01-19T22:29:55Z	2017-01-19T22:29:55Z	23	src/node_jsvmapi.cc
97035075	49	976081	true	2017-01-20T09:12:48Z	2017-01-20T09:13:43Z	2	test/addons-abi/test_exception/test.js
97037103	48	976081	true	2017-01-20T09:27:12Z	2017-01-20T09:27:12Z	6	src/node_jsvmapi.cc
97037795	48	976081	true	2017-01-20T09:31:19Z	2017-01-20T09:31:19Z	34	src/node_jsvmapi.cc
97038223	48	976081	true	2017-01-20T09:34:00Z	2017-01-20T09:34:00Z	39	test/addons-abi/test_instanceof/test0.js
97038291	48	976081	true	2017-01-20T09:34:33Z	2017-01-20T09:34:33Z	13	test/addons-abi/test_instanceof/test2.js
97039733	48	976081	true	2017-01-20T09:43:44Z	2017-01-20T09:43:44Z	48	test/addons-abi/test_instanceof/test1.js
97116846	49	13093042	true	2017-01-20T17:27:46Z	2017-01-20T17:27:46Z	7	src/node_jsvmapi.cc
97277568	45	1569843	true	2017-01-23T09:20:18Z	2017-01-23T09:20:18Z	29	src/node_jsvmapi.cc
97278057	45	1569843	true	2017-01-23T09:23:31Z	2017-01-23T09:23:31Z	10	src/node_jsvmapi.cc
97443830	45	13093042	true	2017-01-23T23:39:59Z	2017-01-23T23:39:59Z	20	src/node_jsvmapi.cc
97719796	59	13093042	true	2017-01-25T07:04:05Z	2017-01-25T07:04:05Z	13	src/node_jsvmapi.h
97720256	59	13093042	true	2017-01-25T07:08:42Z	2017-01-25T07:08:42Z	35	src/node_jsvmapi.h
97721042	59	13093042	true	2017-01-25T07:15:52Z	2017-01-25T07:15:52Z	59	src/node_jsvmapi.cc
97721239	59	13093042	true	2017-01-25T07:18:09Z	2017-01-25T07:18:09Z	29	src/node_jsvmapi.cc
97721455	59	13093042	true	2017-01-25T07:20:45Z	2017-01-25T07:20:45Z	21	src/node_jsvmapi.h
97721771	59	13093042	true	2017-01-25T07:24:08Z	2017-01-25T07:24:08Z	16	src/node_jsvmapi.cc
97722370	59	13093042	true	2017-01-25T07:30:02Z	2017-01-25T07:30:02Z	15	src/node_jsvmapi.cc
97722398	59	13093042	true	2017-01-25T07:30:21Z	2017-01-25T07:30:21Z	6	src/node_jsvmapi.cc
97722842	59	13093042	true	2017-01-25T07:35:06Z	2017-01-25T07:35:06Z	6	src/node_jsvmapi.cc
97724505	59	13093042	true	2017-01-25T07:50:26Z	2017-01-25T07:50:26Z	18	src/node_jsvmapi.cc
97724928	59	976081	true	2017-01-25T07:54:40Z	2017-01-25T07:54:40Z	11	src/node_jsvmapi.cc
97726365	59	13093042	true	2017-01-25T08:06:49Z	2017-01-25T08:06:49Z	30	src/node_jsvmapi.cc
97727058	59	13093042	true	2017-01-25T08:13:30Z	2017-01-25T08:13:30Z	28	src/node_jsvmapi.cc
97736487	59	976081	true	2017-01-25T09:18:22Z	2017-01-25T09:18:22Z	28	src/node_jsvmapi.cc
97742595	59	976081	true	2017-01-25T09:52:55Z	2017-01-25T09:52:55Z	93	src/node_jsvmapi.cc
97742705	59	1569843	true	2017-01-25T09:53:32Z	2017-01-25T09:53:32Z	15	src/node_jsvmapi.h
97743450	59	1569843	true	2017-01-25T09:57:30Z	2017-01-25T09:57:30Z	55	src/node_jsvmapi.h
97745249	59	1569843	true	2017-01-25T10:07:34Z	2017-01-25T10:07:34Z	65	src/node_jsvmapi.cc
97745376	59	976081	true	2017-01-25T10:08:13Z	2017-01-25T10:08:13Z	13	src/node_jsvmapi.cc
97746115	59	976081	true	2017-01-25T10:12:24Z	2017-01-25T10:12:24Z	30	src/node_jsvmapi.cc
97747302	59	1569843	true	2017-01-25T10:19:31Z	2017-01-25T10:19:31Z	33	src/node_jsvmapi.cc
97747561	59	1569843	true	2017-01-25T10:21:12Z	2017-01-25T10:21:12Z	27	src/node_jsvmapi.h
97750012	59	1569843	true	2017-01-25T10:31:13Z	2017-01-25T10:31:13Z	52	src/node_jsvmapi.cc
97750393	59	1569843	true	2017-01-25T10:33:24Z	2017-01-25T10:33:24Z	16	src/node_jsvmapi.cc
97755005	59	1569843	true	2017-01-25T10:59:53Z	2017-01-25T10:59:53Z	11	src/node_jsvmapi.cc
97755476	59	1569843	true	2017-01-25T11:02:21Z	2017-01-25T11:02:21Z	51	src/node_jsvmapi.cc
97757417	59	976081	true	2017-01-25T11:14:31Z	2017-01-25T11:14:31Z	74	src/node_jsvmapi.cc
97827674	59	13093042	true	2017-01-25T17:06:21Z	2017-01-25T17:06:21Z	11	src/node_jsvmapi.cc
97834638	59	13093042	true	2017-01-25T17:37:30Z	2017-01-25T17:37:30Z	174	src/node_jsvmapi.h
97905404	59	9373002	true	2017-01-25T23:38:40Z	2017-01-25T23:38:40Z	45	src/node_jsvmapi.h
97905936	59	9373002	true	2017-01-25T23:42:50Z	2017-01-25T23:42:51Z	39	src/node_jsvmapi.cc
97909242	59	13093042	true	2017-01-26T00:10:34Z	2017-01-26T00:10:34Z	77	src/node_jsvmapi.h
97937062	58	13093042	true	2017-01-26T06:30:58Z	2017-01-26T06:30:58Z	73	src/node_api_helpers.h
97937208	58	13093042	true	2017-01-26T06:33:10Z	2017-01-26T06:33:10Z	14	src/node_jsvmapi.cc
97937430	58	13093042	true	2017-01-26T06:36:39Z	2017-01-26T06:36:39Z	51	src/node_api_helpers.h
97937657	58	13093042	true	2017-01-26T06:39:58Z	2017-01-26T06:39:58Z	61	src/node_api_helpers.h
97937809	58	13093042	true	2017-01-26T06:42:12Z	2017-01-26T06:42:12Z	37	src/node_api_helpers.h
97937925	58	13093042	true	2017-01-26T06:43:42Z	2017-01-26T06:43:42Z	27	src/node_api_helpers.h
97938499	58	13093042	true	2017-01-26T06:53:02Z	2017-01-26T06:53:02Z	25	src/node_jsvmapi.cc
97938659	58	13093042	true	2017-01-26T06:55:26Z	2017-01-26T06:55:26Z	34	src/node_jsvmapi.h
97938854	58	13093042	true	2017-01-26T06:58:19Z	2017-01-26T06:58:19Z	23	src/node_jsvmapi.h
97939039	58	13093042	true	2017-01-26T07:00:53Z	2017-01-26T07:00:53Z	31	src/node_jsvmapi.h
97942248	58	13093042	true	2017-01-26T07:43:33Z	2017-01-26T07:43:33Z	34	src/node_jsvmapi.cc
97946486	58	976081	true	2017-01-26T08:23:23Z	2017-01-26T08:23:23Z	9	src/node_api_helpers.h
98066492	58	9373002	true	2017-01-26T19:05:35Z	2017-01-26T19:52:26Z	12	src/node_api_helpers.h
98068619	58	7670632	true	2017-01-26T19:14:15Z	2017-01-26T19:14:15Z	20	src/node_jsvmapi.cc
98068692	58	9373002	true	2017-01-26T19:14:33Z	2017-01-26T19:52:26Z	61	src/node_api_helpers.h
98068953	58	9373002	true	2017-01-26T19:15:37Z	2017-01-26T19:52:26Z	25	src/node_api_helpers.h
98069056	58	7670632	true	2017-01-26T19:16:03Z	2017-01-26T19:16:04Z	15	src/node_api_helpers.h
98072519	58	9373002	true	2017-01-26T19:30:38Z	2017-01-26T19:52:26Z	6	src/node_api_helpers.h
98073554	58	9373002	true	2017-01-26T19:35:04Z	2017-01-26T19:52:26Z	14	src/node_jsvmapi.cc
98074599	58	9373002	true	2017-01-26T19:39:46Z	2017-01-26T19:52:26Z	21	src/node_jsvmapi.cc
98074843	61	13093042	true	2017-01-26T19:40:53Z	2017-01-26T19:40:53Z	12	src/node_api_helpers.h
98075892	62	13093042	true	2017-01-26T19:45:46Z	2017-01-26T19:45:46Z	3	src/node_api_helpers.h
98076036	58	9373002	true	2017-01-26T19:46:21Z	2017-01-26T19:52:26Z	1	src/node_jsvmapi.h
98089518	61	976081	true	2017-01-26T20:56:08Z	2017-01-26T20:56:08Z	23	src/node_api_helpers.h
98089765	61	13093042	true	2017-01-26T20:57:32Z	2017-01-26T20:57:32Z	3	src/node_api_helpers.h
98089902	62	976081	true	2017-01-26T20:58:10Z	2017-01-26T20:58:10Z	24	src/node_api_helpers.h
98248905	59	13093042	true	2017-01-27T17:22:51Z	2017-01-27T17:22:51Z	19	src/node_jsvmapi.cc
98250252	59	13093042	true	2017-01-27T17:30:21Z	2017-01-27T17:30:21Z	23	src/node_jsvmapi.cc
98250707	59	13093042	true	2017-01-27T17:33:00Z	2017-01-27T17:33:01Z	37	src/node_jsvmapi.cc
98251723	59	13093042	true	2017-01-27T17:38:38Z	2017-01-27T17:38:38Z	15	src/node_jsvmapi.cc
98252410	59	13093042	true	2017-01-27T17:43:00Z	2017-01-27T17:43:01Z	34	src/node_jsvmapi.h
98253333	59	13093042	true	2017-01-27T17:47:32Z	2017-01-27T17:47:32Z	14	src/node_jsvmapi.cc
98255693	59	13093042	true	2017-01-27T17:59:52Z	2017-01-27T17:59:52Z	43	src/node_jsvmapi.cc
98365800	59	1569843	true	2017-01-29T22:41:22Z	2017-01-29T22:41:22Z	24	src/node_jsvmapi.cc
98375535	59	1569843	true	2017-01-30T03:13:13Z	2017-01-30T03:13:13Z	31	src/node_jsvmapi.cc
98375713	59	1569843	true	2017-01-30T03:17:25Z	2017-01-30T03:17:25Z	41	src/node_jsvmapi.h
98386609	59	13093042	true	2017-01-30T06:57:22Z	2017-01-30T06:57:22Z	27	src/node_jsvmapi.cc
98487149	58	7670632	true	2017-01-30T16:59:09Z	2017-01-30T16:59:09Z	22	src/node_jsvmapi.cc
98599061	73	13093042	true	2017-01-31T04:59:22Z	2017-01-31T04:59:22Z	28	src/node_jsvmapi.cc
98599128	73	13093042	true	2017-01-31T05:00:05Z	2017-01-31T05:00:05Z	16	src/node_jsvmapi.cc
98612556	73	1569843	true	2017-01-31T07:49:57Z	2017-01-31T07:49:57Z	57	src/node_jsvmapi.cc
98612578	73	1569843	true	2017-01-31T07:50:12Z	2017-01-31T07:50:12Z	6	src/node_jsvmapi.cc
98676260	73	9373002	true	2017-01-31T14:23:46Z	2017-01-31T14:24:50Z	11	src/node_jsvmapi.cc
98676391	73	9373002	true	2017-01-31T14:24:17Z	2017-01-31T14:24:50Z	18	src/node_jsvmapi.cc
98722083	73	13093042	true	2017-01-31T17:21:49Z	2017-01-31T17:21:49Z	71	src/node_jsvmapi.cc
98722547	73	13093042	true	2017-01-31T17:23:48Z	2017-01-31T17:23:48Z	1	src/node_jsvmapi.cc
98722703	73	13093042	true	2017-01-31T17:24:32Z	2017-01-31T17:24:32Z	5	src/node_jsvmapi.cc
98745881	73	1569843	true	2017-01-31T19:10:18Z	2017-01-31T19:10:18Z	31	src/node_jsvmapi.cc
98746567	73	13093042	true	2017-01-31T19:13:40Z	2017-01-31T19:13:40Z	35	src/node_jsvmapi.cc
98754766	73	13093042	true	2017-01-31T19:49:59Z	2017-01-31T19:49:59Z	46	src/node_jsvmapi.cc
98755405	73	1569843	true	2017-01-31T19:52:57Z	2017-01-31T19:52:57Z	35	src/node_jsvmapi.cc
253173356	4	976081	false	2016-10-12T10:10:51Z	2016-10-12T10:10:51Z	8	
253184451	4	976081	false	2016-10-12T11:07:53Z	2016-10-12T11:07:53Z	13	
253191461	4	976081	false	2016-10-12T11:45:03Z	2016-10-12T11:45:03Z	70	
253635737	4	9373002	false	2016-10-13T20:54:11Z	2016-10-13T20:54:11Z	12	
253955570	4	7670632	false	2016-10-15T01:57:10Z	2016-10-15T01:57:10Z	31	
254113917	5	158390	true	2016-10-17T05:10:56Z	2016-10-17T05:10:56Z	14	
254114245	5	976081	true	2016-10-17T05:14:18Z	2016-10-17T05:14:18Z	14	
254114283	5	976081	true	2016-10-17T05:14:41Z	2016-10-17T05:14:41Z	6	
254114526	5	976081	true	2016-10-17T05:16:52Z	2016-10-17T05:16:52Z	23	
254114568	6	976081	true	2016-10-17T05:17:22Z	2016-10-17T05:17:22Z	7	
254114895	5	158390	true	2016-10-17T05:20:34Z	2016-10-17T05:20:34Z	53	
254116646	5	976081	true	2016-10-17T05:37:08Z	2016-10-17T05:37:08Z	29	
254116832	5	158390	true	2016-10-17T05:38:56Z	2016-10-17T05:38:56Z	28	
254349180	3	305455	false	2016-10-17T22:07:37Z	2016-10-17T22:07:37Z	13	
254810284	6	9373002	true	2016-10-19T13:21:14Z	2016-10-19T13:21:14Z	1	
255458658	3	305455	false	2016-10-21T20:35:40Z	2016-10-21T20:35:40Z	44	
255461433	3	9373002	false	2016-10-21T20:48:34Z	2016-10-21T20:48:34Z	61	
255461924	3	7670632	false	2016-10-21T20:50:45Z	2016-10-21T20:50:45Z	10	
255470453	3	305455	false	2016-10-21T21:32:36Z	2016-10-21T21:32:36Z	123	
255470859	6	9373002	true	2016-10-21T21:34:37Z	2016-10-21T21:34:37Z	3	
255499055	3	7670632	false	2016-10-22T01:31:13Z	2016-10-22T01:31:13Z	21	
255610265	3	305455	false	2016-10-23T19:55:19Z	2016-10-23T19:55:19Z	64	
256143146	3	7670632	false	2016-10-25T19:02:34Z	2016-10-25T19:02:34Z	194	
256154714	3	305455	false	2016-10-25T19:45:14Z	2016-10-25T19:45:14Z	49	
256232978	3	7670632	false	2016-10-26T02:25:56Z	2016-10-26T02:25:56Z	7	
257057689	3	305455	false	2016-10-29T00:18:48Z	2016-10-29T00:18:48Z	26	
258050649	13	495647	false	2016-11-03T02:09:06Z	2016-11-03T02:09:06Z	60	
258177472	13	12057627	false	2016-11-03T15:31:26Z	2016-11-03T15:31:26Z	33	
258323607	14	158390	false	2016-11-04T01:37:33Z	2016-11-04T01:37:33Z	14	
258337733	15	7670632	false	2016-11-04T03:37:48Z	2016-11-04T03:37:48Z	18	
258512487	9	7670632	false	2016-11-04T18:30:54Z	2016-11-04T18:30:54Z	6	
258522422	17	7670632	false	2016-11-04T19:11:23Z	2016-11-04T19:11:23Z	8	
258573767	14	12057627	false	2016-11-04T23:44:22Z	2016-11-04T23:44:22Z	313	
258574023	14	12057627	false	2016-11-04T23:46:33Z	2016-11-04T23:46:33Z	4	
258583870	14	158390	false	2016-11-05T01:55:37Z	2016-11-05T01:55:37Z	104	
258907869	14	7670632	false	2016-11-07T17:47:50Z	2016-11-07T17:47:50Z	6	
259024788	17	9373002	false	2016-11-08T02:09:36Z	2016-11-08T02:09:36Z	7	
259528245	12	9373002	false	2016-11-09T21:13:46Z	2016-11-09T21:13:46Z	8	
259595091	14	1569843	false	2016-11-10T03:46:57Z	2016-11-10T03:46:57Z	123	
259597153	14	7670632	false	2016-11-10T04:07:11Z	2016-11-10T04:07:11Z	60	
259882071	15	1569843	false	2016-11-11T05:04:27Z	2016-11-11T05:04:27Z	3	
259882124	16	1569843	false	2016-11-11T05:05:10Z	2016-11-11T05:05:10Z	7	
260032253	8	1569843	false	2016-11-11T19:11:58Z	2016-11-11T19:11:58Z	296	
262007644	18	1093990	false	2016-11-21T17:29:16Z	2016-11-21T17:29:16Z	14	
262663155	21	12057627	true	2016-11-24T00:35:07Z	2016-11-24T00:35:07Z	4	
264289955	22	498775	false	2016-12-01T20:47:11Z	2016-12-01T20:47:11Z	112	
264516909	22	12057627	false	2016-12-02T17:50:40Z	2016-12-02T17:50:40Z	21	
264686170	22	579928	false	2016-12-04T05:53:40Z	2016-12-04T05:53:40Z	29	
265011170	23	4421720	true	2016-12-05T23:23:54Z	2016-12-05T23:23:54Z	154	
265025886	24	778781	false	2016-12-06T00:43:00Z	2016-12-06T00:43:00Z	149	
265391689	23	101553	true	2016-12-07T08:56:38Z	2016-12-07T08:56:38Z	23	
265447896	28	976081	false	2016-12-07T13:33:22Z	2016-12-07T13:33:22Z	12	
265460648	28	158390	false	2016-12-07T14:28:01Z	2016-12-07T14:28:01Z	78	
265479351	28	976081	false	2016-12-07T15:35:53Z	2016-12-07T15:35:53Z	16	
265542823	23	12057627	true	2016-12-07T19:13:03Z	2016-12-07T19:13:03Z	10	
265594693	23	4421720	true	2016-12-07T22:32:01Z	2016-12-07T22:32:01Z	15	
265598916	23	12057627	true	2016-12-07T22:49:59Z	2016-12-07T22:49:59Z	4	
265669153	22	12488060	false	2016-12-08T07:08:50Z	2016-12-08T07:08:50Z	30	
265675719	22	498775	false	2016-12-08T07:53:15Z	2016-12-08T07:53:15Z	156	
265691518	22	778781	false	2016-12-08T09:16:29Z	2016-12-08T09:16:29Z	130	
265807967	24	9373002	false	2016-12-08T17:56:32Z	2016-12-08T17:56:32Z	64	
265814119	24	778781	false	2016-12-08T18:21:37Z	2016-12-08T18:21:37Z	6	
266041358	24	7670632	false	2016-12-09T15:30:03Z	2016-12-09T15:30:03Z	9	
266044355	24	778781	false	2016-12-09T15:41:29Z	2016-12-09T15:41:29Z	58	
266061082	25	7670632	false	2016-12-09T16:44:50Z	2016-12-09T16:44:50Z	22	
266095469	24	79017	false	2016-12-09T19:08:16Z	2016-12-09T19:08:16Z	12	
266103346	24	778781	false	2016-12-09T19:39:52Z	2016-12-09T19:39:52Z	2	
266106849	24	79017	false	2016-12-09T19:52:56Z	2016-12-09T19:52:56Z	9	
266157652	18	12057627	false	2016-12-10T00:07:13Z	2016-12-10T00:07:13Z	10	
266175293	24	7670632	false	2016-12-10T03:16:24Z	2016-12-10T03:16:24Z	30	
266324999	31	158390	true	2016-12-12T01:34:37Z	2016-12-12T01:34:37Z	7	
266397341	23	101553	true	2016-12-12T10:47:15Z	2016-12-12T10:47:15Z	57	
266401770	33	275871	true	2016-12-12T11:09:13Z	2016-12-12T11:09:13Z	27	
266404697	32	275871	true	2016-12-12T11:24:23Z	2016-12-12T11:24:23Z	24	
266466301	24	79017	false	2016-12-12T15:51:04Z	2016-12-12T15:51:04Z	11	
266520652	34	9373002	true	2016-12-12T19:04:49Z	2016-12-12T19:04:49Z	23	
266520972	33	9373002	true	2016-12-12T19:06:07Z	2016-12-12T19:06:07Z	17	
266569735	31	9373002	true	2016-12-12T22:13:01Z	2016-12-12T22:13:01Z	38	
266585978	29	9373002	false	2016-12-12T23:22:45Z	2016-12-12T23:22:45Z	39	
266674039	31	976081	true	2016-12-13T08:15:08Z	2016-12-13T08:15:08Z	33	
266810494	22	13093042	false	2016-12-13T17:51:24Z	2016-12-13T17:51:24Z	141	
266832817	31	9373002	true	2016-12-13T19:13:52Z	2016-12-13T19:13:52Z	13	
266852173	31	976081	true	2016-12-13T20:27:36Z	2016-12-13T20:27:36Z	11	
267106809	18	498775	false	2016-12-14T18:01:09Z	2016-12-14T18:01:09Z	15	
267200855	35	158390	false	2016-12-15T00:33:09Z	2016-12-15T00:33:09Z	64	
267245297	35	6621426	false	2016-12-15T05:53:12Z	2016-12-15T05:53:12Z	91	
267249554	35	158390	false	2016-12-15T06:26:05Z	2016-12-15T06:26:05Z	110	
267796155	18	12057627	false	2016-12-18T00:39:21Z	2016-12-18T00:39:21Z	84	
269052384	22	2993861	false	2016-12-23T22:29:27Z	2016-12-23T22:29:27Z	14	
269988643	27	976081	false	2017-01-02T15:48:27Z	2017-01-02T15:48:27Z	223	
270016883	27	976081	false	2017-01-02T20:27:18Z	2017-01-02T20:27:18Z	145	
270228722	35	9373002	false	2017-01-03T21:23:52Z	2017-01-03T21:23:52Z	166	
270559574	31	906649	true	2017-01-05T04:08:13Z	2017-01-05T04:08:13Z	35	
270559877	33	906649	true	2017-01-05T04:11:22Z	2017-01-05T04:11:22Z	20	
270794007	36	13093042	true	2017-01-06T00:02:39Z	2017-01-06T00:02:39Z	8	
270987648	26	12057627	false	2017-01-06T19:42:39Z	2017-01-06T19:42:39Z	9	
270996171	27	12057627	false	2017-01-06T20:19:58Z	2017-01-06T20:19:58Z	8	
271028137	37	12057627	false	2017-01-06T22:29:57Z	2017-01-06T22:29:57Z	11	
271038043	8	12057627	false	2017-01-06T23:27:57Z	2017-01-06T23:27:57Z	13	
271038500	1	12057627	false	2017-01-06T23:30:50Z	2017-01-06T23:30:50Z	13	
271039502	12	12057627	false	2017-01-06T23:37:33Z	2017-01-06T23:37:33Z	8	
271039578	11	12057627	false	2017-01-06T23:38:03Z	2017-01-06T23:38:03Z	7	
271044277	10	12057627	false	2017-01-07T00:13:35Z	2017-01-07T00:13:35Z	7	
271177500	27	976081	false	2017-01-08T20:36:46Z	2017-01-08T20:36:46Z	58	
271235628	27	2291463	false	2017-01-09T08:59:11Z	2017-01-09T08:59:11Z	52	
271236250	27	101553	false	2017-01-09T09:03:02Z	2017-01-09T09:03:02Z	19	
271238336	27	2291463	false	2017-01-09T09:15:54Z	2017-01-09T09:15:54Z	44	
271240022	27	976081	false	2017-01-09T09:25:42Z	2017-01-09T09:25:42Z	77	
271240655	27	2291463	false	2017-01-09T09:29:15Z	2017-01-09T09:29:15Z	51	
271309582	27	976081	false	2017-01-09T15:15:31Z	2017-01-09T15:15:31Z	7	
271969986	31	976081	true	2017-01-11T19:31:15Z	2017-01-11T19:31:15Z	14	
272324693	45	13093042	true	2017-01-13T00:14:37Z	2017-01-13T00:14:37Z	48	
272418105	37	1569843	false	2017-01-13T11:04:57Z	2017-01-13T11:04:57Z	815	
272562844	45	9373002	true	2017-01-13T22:15:35Z	2017-01-13T22:15:35Z	63	
272563007	45	13093042	true	2017-01-13T22:16:23Z	2017-01-13T22:16:23Z	56	
272645276	45	13093042	true	2017-01-14T19:01:54Z	2017-01-14T19:01:54Z	175	
272788793	47	976081	true	2017-01-16T07:11:45Z	2017-01-16T07:11:45Z	258	
272802888	47	976081	true	2017-01-16T08:43:35Z	2017-01-16T08:43:35Z	49	
272804882	31	976081	true	2017-01-16T08:54:46Z	2017-01-16T08:54:46Z	3	
272806908	47	976081	true	2017-01-16T09:04:34Z	2017-01-16T09:04:34Z	24	
272856490	49	976081	true	2017-01-16T13:01:05Z	2017-01-16T13:01:05Z	32	
272932261	47	13093042	true	2017-01-16T18:23:30Z	2017-01-16T18:23:30Z	37	
273024368	45	13093042	true	2017-01-17T05:12:54Z	2017-01-17T05:12:54Z	12	
273322818	45	13093042	true	2017-01-17T22:35:52Z	2017-01-17T22:35:52Z	6	
273640957	30	13093042	false	2017-01-19T00:00:04Z	2017-01-19T00:00:04Z	17	
273641918	47	13093042	true	2017-01-19T00:05:35Z	2017-01-19T00:05:35Z	9	
273643924	41	13093042	false	2017-01-19T00:17:36Z	2017-01-19T00:17:36Z	307	
273705116	41	976081	false	2017-01-19T07:54:34Z	2017-01-19T07:54:34Z	67	
273849404	42	13093042	true	2017-01-19T17:57:42Z	2017-01-19T17:57:42Z	19	
273901270	42	976081	true	2017-01-19T21:17:09Z	2017-01-19T21:17:09Z	8	
273901335	42	976081	true	2017-01-19T21:17:24Z	2017-01-19T21:17:24Z	4	
273919766	42	13093042	true	2017-01-19T22:31:31Z	2017-01-19T22:31:31Z	9	
274019009	42	976081	true	2017-01-20T09:15:42Z	2017-01-20T09:15:42Z	68	
274130028	49	13093042	true	2017-01-20T17:29:17Z	2017-01-20T17:29:17Z	12	
274131430	48	13093042	true	2017-01-20T17:35:21Z	2017-01-20T17:35:21Z	20	
274157209	45	976081	true	2017-01-20T19:24:15Z	2017-01-20T19:24:15Z	1	
274158022	45	13093042	true	2017-01-20T19:27:55Z	2017-01-20T19:27:55Z	18	
274160474	27	12057627	false	2017-01-20T19:37:31Z	2017-01-20T19:37:31Z	33	
274164587	41	13093042	false	2017-01-20T19:55:09Z	2017-01-20T19:55:09Z	37	
274176457	8	12057627	false	2017-01-20T20:49:59Z	2017-01-20T20:49:59Z	14	
274192722	45	13093042	true	2017-01-20T22:06:53Z	2017-01-20T22:06:53Z	20	
274196544	45	13093042	true	2017-01-20T22:25:54Z	2017-01-20T22:25:54Z	23	
274437798	45	1569843	true	2017-01-23T09:27:57Z	2017-01-23T09:27:57Z	27	
274596474	44	13093042	false	2017-01-23T19:47:41Z	2017-01-23T19:47:41Z	14	
274596500	30	13093042	false	2017-01-23T19:47:46Z	2017-01-23T19:47:46Z	14	
274637540	30	9373002	false	2017-01-23T22:26:05Z	2017-01-23T22:26:05Z	13	
274638619	30	13093042	false	2017-01-23T22:30:27Z	2017-01-23T22:30:27Z	25	
274651193	45	13093042	true	2017-01-23T23:26:02Z	2017-01-23T23:26:02Z	32	
274974965	37	12057627	false	2017-01-24T23:39:40Z	2017-01-24T23:39:40Z	267	
275031701	38	1569843	false	2017-01-25T06:43:38Z	2017-01-25T06:43:38Z	6	
275066831	59	976081	true	2017-01-25T10:02:05Z	2017-01-25T10:02:05Z	144	
275172864	59	13093042	true	2017-01-25T17:23:19Z	2017-01-25T17:23:19Z	135	
275268623	59	9373002	true	2017-01-25T23:44:35Z	2017-01-25T23:44:35Z	27	
275315623	60	13093042	true	2017-01-26T06:17:38Z	2017-01-26T06:17:38Z	49	
275315916	43	13093042	true	2017-01-26T06:20:18Z	2017-01-26T06:20:18Z	34	
275491962	61	13093042	true	2017-01-26T19:43:59Z	2017-01-26T19:43:59Z	1	
275492906	62	13093042	true	2017-01-26T19:47:12Z	2017-01-26T19:47:12Z	8	
275515368	64	976081	false	2017-01-26T21:12:58Z	2017-01-26T21:12:58Z	8	
275515623	64	976081	false	2017-01-26T21:13:47Z	2017-01-26T21:13:47Z	8	
275529284	64	13093042	false	2017-01-26T22:07:12Z	2017-01-26T22:07:12Z	14	
275731101	59	13093042	true	2017-01-27T18:01:38Z	2017-01-27T18:01:38Z	37	
275764446	33	12057627	true	2017-01-27T20:20:29Z	2017-01-27T20:20:29Z	9	
275991814	59	13093042	true	2017-01-30T06:59:07Z	2017-01-30T06:59:07Z	1	
275991988	59	13093042	true	2017-01-30T07:00:50Z	2017-01-30T07:00:50Z	24	
276005481	69	976081	false	2017-01-30T08:38:28Z	2017-01-30T08:38:28Z	2	
276008928	69	1569843	false	2017-01-30T08:58:10Z	2017-01-30T08:58:10Z	47	
276009487	69	976081	false	2017-01-30T09:01:01Z	2017-01-30T09:01:01Z	11	
276010485	69	1569843	false	2017-01-30T09:06:15Z	2017-01-30T09:06:15Z	25	
276014203	69	1569843	false	2017-01-30T09:24:14Z	2017-01-30T09:24:14Z	14	
276122026	69	13093042	false	2017-01-30T17:06:54Z	2017-01-30T17:06:54Z	43	
276128338	70	13093042	true	2017-01-30T17:28:34Z	2017-01-30T17:28:34Z	25	
276128788	69	13093042	false	2017-01-30T17:30:11Z	2017-01-30T17:30:11Z	3	
276130027	66	13093042	true	2017-01-30T17:34:26Z	2017-01-30T17:34:26Z	20	
276172681	63	13093042	false	2017-01-30T19:58:28Z	2017-01-30T19:58:28Z	21	
276173176	71	9373002	false	2017-01-30T20:00:04Z	2017-01-30T20:00:04Z	1	
276175569	71	9373002	false	2017-01-30T20:09:14Z	2017-01-30T20:09:14Z	128	
276179065	59	9373002	true	2017-01-30T20:22:38Z	2017-01-30T20:22:38Z	109	
276179684	59	9373002	true	2017-01-30T20:24:51Z	2017-01-30T20:24:51Z	71	
276191219	63	275871	false	2017-01-30T21:09:21Z	2017-01-30T21:09:21Z	104	
276222608	59	1569843	true	2017-01-30T23:14:03Z	2017-01-30T23:14:03Z	96	
276223009	59	1569843	true	2017-01-30T23:15:52Z	2017-01-30T23:15:52Z	64	
276257050	59	1569843	true	2017-01-31T02:31:05Z	2017-01-31T02:31:05Z	7	
276276132	72	13093042	true	2017-01-31T05:05:48Z	2017-01-31T05:05:48Z	57	
276299130	72	1569843	true	2017-01-31T08:05:47Z	2017-01-31T08:05:47Z	3	
276372906	59	9373002	true	2017-01-31T14:12:41Z	2017-01-31T14:12:41Z	32	
276476327	73	13093042	true	2017-01-31T20:05:57Z	2017-01-31T20:05:57Z	1	
276511620	74	13093042	false	2017-01-31T22:19:16Z	2017-01-31T22:19:16Z	181	
276514625	74	9373002	false	2017-01-31T22:31:28Z	2017-01-31T22:31:28Z	105	
276515212	74	13093042	false	2017-01-31T22:33:55Z	2017-01-31T22:33:55Z	82	
276534331	74	1569843	false	2017-02-01T00:07:32Z	2017-02-01T00:07:32Z	65	
276536277	74	12057627	false	2017-02-01T00:19:00Z	2017-02-01T00:19:00Z	43	
