76205075	66	1231635	true	2016-08-25T08:57:33Z	2016-08-25T08:57:33Z	3	CONTRIBUTING.md
76205702	66	739813	true	2016-08-25T09:01:55Z	2016-08-25T09:01:55Z	1	CONTRIBUTING.md
76383335	60	1231635	true	2016-08-26T08:35:57Z	2016-08-26T08:35:57Z	18	lib/github-events.js
76383583	60	1231635	true	2016-08-26T08:37:54Z	2016-08-26T08:37:54Z	33	lib/node-repo.js
76383640	60	1231635	true	2016-08-26T08:38:25Z	2016-08-26T08:38:25Z	9	lib/pollTravis.js
77553358	55	1093990	true	2016-09-05T20:00:06Z	2016-09-05T20:00:06Z	11	lib/node-labels.js
77855617	66	968267	true	2016-09-07T16:17:08Z	2016-09-07T16:17:08Z	2	CONTRIBUTING.md
78169950	66	176984	true	2016-09-09T12:18:37Z	2016-09-09T12:18:37Z	26	GOVERNANCE.md
78214569	66	739813	true	2016-09-09T17:07:32Z	2016-09-09T17:07:32Z	55	GOVERNANCE.md
78220834	66	176984	true	2016-09-09T17:49:01Z	2016-09-09T17:49:01Z	2	GOVERNANCE.md
78302590	66	1231635	true	2016-09-11T21:07:28Z	2016-09-11T21:07:28Z	39	GOVERNANCE.md
78311688	66	739813	true	2016-09-12T03:19:40Z	2016-09-12T03:19:40Z	45	GOVERNANCE.md
237835028	23	1231635	false	2016-08-05T12:13:03Z	2016-08-05T12:13:03Z	10	
237843859	56	439929	false	2016-08-05T12:59:53Z	2016-08-05T12:59:53Z	83	
237863160	55	176984	true	2016-08-05T14:20:41Z	2016-08-05T14:20:41Z	12	
237865609	55	1231635	true	2016-08-05T14:29:34Z	2016-08-05T14:29:34Z	16	
237865703	55	176984	true	2016-08-05T14:29:56Z	2016-08-05T14:29:56Z	1	
237885070	58	1231635	false	2016-08-05T15:41:19Z	2016-08-05T15:41:19Z	129	
237888776	57	1093990	false	2016-08-05T15:54:57Z	2016-08-05T15:54:57Z	2	
237935974	59	1231635	false	2016-08-05T19:04:02Z	2016-08-05T19:04:02Z	24	
238331315	61	739813	false	2016-08-08T18:27:28Z	2016-08-08T18:27:28Z	96	
238346818	61	176984	false	2016-08-08T19:19:40Z	2016-08-08T19:19:40Z	28	
238368963	57	1231635	false	2016-08-08T20:37:30Z	2016-08-08T20:37:30Z	14	
238378714	57	176984	false	2016-08-08T21:11:09Z	2016-08-08T21:11:09Z	19	
238998558	62	176984	true	2016-08-10T20:45:57Z	2016-08-10T20:45:57Z	1	
239574529	61	1231635	false	2016-08-12T22:25:38Z	2016-08-12T22:25:38Z	31	
239578166	63	1231635	false	2016-08-12T22:49:00Z	2016-08-12T22:49:00Z	83	
239591515	63	176984	false	2016-08-13T00:51:22Z	2016-08-13T00:51:22Z	31	
239591547	61	176984	false	2016-08-13T00:51:59Z	2016-08-13T00:51:59Z	26	
239607899	61	968267	false	2016-08-13T07:34:55Z	2016-08-13T07:34:55Z	11	
239630863	61	176984	false	2016-08-13T16:58:43Z	2016-08-13T16:58:43Z	39	
242323637	66	1231635	true	2016-08-25T09:03:37Z	2016-08-25T09:03:37Z	36	
242327954	66	968267	true	2016-08-25T09:22:32Z	2016-08-25T09:22:32Z	35	
242334663	66	1231635	true	2016-08-25T09:49:30Z	2016-08-25T09:49:30Z	50	
242335566	66	176984	true	2016-08-25T09:52:43Z	2016-08-25T09:52:43Z	15	
242349602	66	495647	true	2016-08-25T11:00:21Z	2016-08-25T11:00:21Z	15	
242370726	65	176984	true	2016-08-25T12:36:45Z	2016-08-25T12:36:45Z	1	
242393612	65	1231635	true	2016-08-25T13:51:22Z	2016-08-25T13:51:22Z	6	
242482771	66	739813	true	2016-08-25T17:57:42Z	2016-08-25T17:57:42Z	80	
242504569	66	968267	true	2016-08-25T19:12:26Z	2016-08-25T19:12:26Z	138	
242510978	66	739813	true	2016-08-25T19:37:06Z	2016-08-25T19:37:06Z	28	
242512481	66	1231635	true	2016-08-25T19:42:47Z	2016-08-25T19:42:47Z	49	
242512617	66	176984	true	2016-08-25T19:43:25Z	2016-08-25T19:43:25Z	24	
242513448	66	739813	true	2016-08-25T19:46:38Z	2016-08-25T19:46:38Z	21	
242517550	66	1231635	true	2016-08-25T20:02:05Z	2016-08-25T20:02:05Z	30	
242668094	60	1231635	true	2016-08-26T08:40:02Z	2016-08-26T08:40:02Z	14	
242670690	60	968267	true	2016-08-26T08:51:45Z	2016-08-26T08:51:45Z	26	
242672822	60	1231635	true	2016-08-26T09:01:11Z	2016-08-26T09:01:11Z	24	
242674165	60	968267	true	2016-08-26T09:07:17Z	2016-08-26T09:07:17Z	19	
242675362	60	1231635	true	2016-08-26T09:12:51Z	2016-08-26T09:12:51Z	22	
242800170	63	176984	false	2016-08-26T17:34:51Z	2016-08-26T17:34:51Z	14	
242801842	63	968267	false	2016-08-26T17:41:17Z	2016-08-26T17:41:17Z	6	
242813943	63	1231635	false	2016-08-26T18:27:06Z	2016-08-26T18:27:06Z	61	
242815912	49	1231635	false	2016-08-26T18:34:27Z	2016-08-26T18:34:27Z	6	
242859133	60	1231635	true	2016-08-26T21:42:40Z	2016-08-26T21:42:40Z	41	
242976745	67	176984	true	2016-08-28T14:07:28Z	2016-08-28T14:07:28Z	1	
243170944	66	1093990	true	2016-08-29T16:09:19Z	2016-08-29T16:09:19Z	8	
243588251	68	739813	false	2016-08-30T21:32:50Z	2016-08-30T21:32:50Z	12	
243589631	68	968267	false	2016-08-30T21:38:00Z	2016-08-30T21:38:00Z	31	
243591845	68	176984	false	2016-08-30T21:46:52Z	2016-08-30T21:46:52Z	6	
243592891	68	968267	false	2016-08-30T21:50:57Z	2016-08-30T21:50:57Z	12	
243607846	68	176984	false	2016-08-30T22:57:28Z	2016-08-30T22:57:28Z	9	
243664399	68	968267	false	2016-08-31T05:44:41Z	2016-08-31T05:44:41Z	6	
243666073	68	739813	false	2016-08-31T05:56:52Z	2016-08-31T05:56:52Z	16	
243676606	69	968267	false	2016-08-31T07:03:11Z	2016-08-31T07:03:11Z	43	
243750535	69	176984	false	2016-08-31T12:37:46Z	2016-08-31T12:37:46Z	42	
243855127	67	1231635	true	2016-08-31T18:23:46Z	2016-08-31T18:23:46Z	6	
243859866	67	176984	true	2016-08-31T18:39:43Z	2016-08-31T18:39:43Z	10	
243863127	60	1231635	true	2016-08-31T18:50:46Z	2016-08-31T18:50:46Z	37	
244560953	68	739813	false	2016-09-03T18:01:51Z	2016-09-03T18:01:51Z	9	
244574482	68	176984	false	2016-09-03T22:56:43Z	2016-09-03T22:56:43Z	7	
244625455	68	1231635	false	2016-09-04T20:03:02Z	2016-09-04T20:03:02Z	29	
244635353	68	968267	false	2016-09-04T23:41:44Z	2016-09-04T23:41:44Z	26	
244730689	68	176984	false	2016-09-05T12:02:18Z	2016-09-05T12:02:18Z	33	
244731203	68	968267	false	2016-09-05T12:05:07Z	2016-09-05T12:05:07Z	6	
244799122	60	1231635	true	2016-09-05T18:55:22Z	2016-09-05T18:55:22Z	30	
244801706	60	968267	true	2016-09-05T19:20:14Z	2016-09-05T19:20:14Z	35	
244806633	55	1231635	true	2016-09-05T20:14:07Z	2016-09-05T20:14:07Z	30	
244807042	55	1231635	true	2016-09-05T20:17:32Z	2016-09-05T20:17:32Z	6	
244807123	55	1093990	true	2016-09-05T20:18:45Z	2016-09-05T20:18:45Z	4	
244807575	55	1231635	true	2016-09-05T20:23:39Z	2016-09-05T20:23:39Z	39	
244808169	60	1231635	true	2016-09-05T20:29:42Z	2016-09-05T20:29:42Z	22	
244808481	70	968267	true	2016-09-05T20:32:56Z	2016-09-05T20:32:56Z	22	
244917295	71	1231635	false	2016-09-06T10:59:09Z	2016-09-06T10:59:09Z	38	
244930377	69	176984	false	2016-09-06T12:07:47Z	2016-09-06T12:07:47Z	17	
244945129	71	54666	false	2016-09-06T13:11:45Z	2016-09-06T13:11:45Z	12	
245252963	69	1231635	false	2016-09-07T11:30:52Z	2016-09-07T11:30:52Z	47	
245285628	68	176984	false	2016-09-07T13:48:08Z	2016-09-07T13:48:08Z	17	
245298065	68	1093990	false	2016-09-07T14:28:17Z	2016-09-07T14:28:17Z	4	
245314847	68	968267	false	2016-09-07T15:18:52Z	2016-09-07T15:18:52Z	3	
245331058	68	176984	false	2016-09-07T16:05:03Z	2016-09-07T16:05:03Z	8	
245334071	66	1093990	true	2016-09-07T16:14:32Z	2016-09-07T16:14:32Z	6	
245445843	55	54666	true	2016-09-07T23:02:08Z	2016-09-07T23:02:08Z	4	
245501286	55	1231635	true	2016-09-08T05:58:01Z	2016-09-08T05:58:01Z	63	
245513141	70	54666	true	2016-09-08T07:12:12Z	2016-09-08T07:12:12Z	38	
245637388	70	1093990	true	2016-09-08T15:32:22Z	2016-09-08T15:32:22Z	24	
245644104	70	54666	true	2016-09-08T15:52:18Z	2016-09-08T15:52:18Z	62	
245743141	66	739813	true	2016-09-08T21:13:49Z	2016-09-08T21:13:49Z	63	
245820163	66	968267	true	2016-09-09T05:02:59Z	2016-09-09T05:02:59Z	5	
245897414	66	176984	true	2016-09-09T12:20:43Z	2016-09-09T12:20:43Z	66	
245973510	75	54666	false	2016-09-09T16:58:19Z	2016-09-09T16:58:19Z	35	
245978408	66	739813	true	2016-09-09T17:16:03Z	2016-09-09T17:16:03Z	109	
246203940	66	1231635	true	2016-09-11T20:54:00Z	2016-09-11T20:54:00Z	48	
246255931	76	1231635	true	2016-09-12T05:54:49Z	2016-09-12T05:54:49Z	105	
246347296	76	176984	true	2016-09-12T13:30:05Z	2016-09-12T13:30:05Z	1	
246365706	76	968267	true	2016-09-12T14:30:25Z	2016-09-12T14:30:25Z	1	
246461399	75	1231635	false	2016-09-12T19:22:52Z	2016-09-12T19:22:52Z	40	
246461981	77	1231635	false	2016-09-12T19:24:49Z	2016-09-12T19:24:49Z	15	
246497671	77	899444	false	2016-09-12T21:20:36Z	2016-09-12T21:20:36Z	27	
246525521	77	176984	false	2016-09-12T23:16:35Z	2016-09-12T23:16:35Z	32	
246525634	75	176984	false	2016-09-12T23:17:25Z	2016-09-12T23:17:25Z	11	
246527016	75	54666	false	2016-09-12T23:25:39Z	2016-09-12T23:25:39Z	44	
246538529	75	176984	false	2016-09-13T00:35:26Z	2016-09-13T00:35:26Z	7	
246555431	75	54666	false	2016-09-13T02:30:28Z	2016-09-13T02:30:28Z	11	
