82374626	32	238531	true	2016-10-07T11:51:21Z	2016-10-07T11:51:21Z	9	src/llscan.cc
82374792	32	238531	true	2016-10-07T11:52:40Z	2016-10-07T11:52:40Z	17	src/llscan.cc
82375153	32	238531	true	2016-10-07T11:55:34Z	2016-10-07T11:55:34Z	59	src/llscan.cc
82375222	32	238531	true	2016-10-07T11:56:03Z	2016-10-07T11:56:03Z	2	src/llv8.cc
82375311	32	238531	true	2016-10-07T11:56:37Z	2016-10-07T11:56:37Z	5	src/llv8.cc
82375354	32	238531	true	2016-10-07T11:56:56Z	2016-10-07T11:57:57Z	2	src/llv8.cc
82395516	32	11979939	true	2016-10-07T14:06:46Z	2016-10-07T14:06:46Z	98	src/llv8.cc
82409051	32	11979939	true	2016-10-07T15:12:22Z	2016-10-07T15:12:23Z	60	src/llscan.cc
82598381	32	11979939	true	2016-10-10T13:00:08Z	2016-10-10T13:00:08Z	55	src/llscan.cc
82599334	32	238531	true	2016-10-10T13:06:20Z	2016-10-10T13:06:20Z	21	src/llv8.cc
82599468	32	238531	true	2016-10-10T13:07:06Z	2016-10-10T13:07:06Z	15	src/llscan.cc
82599907	33	238531	true	2016-10-10T13:09:45Z	2016-10-10T13:10:24Z	10	src/llv8.cc
82807523	32	11979939	true	2016-10-11T14:38:34Z	2016-10-11T14:38:34Z	126	src/llv8.cc
82827359	32	238531	true	2016-10-11T16:00:22Z	2016-10-11T16:00:22Z	4	src/llv8.cc
82861345	33	238531	true	2016-10-11T18:43:29Z	2016-10-11T18:43:29Z	6	src/llv8-inl.h
82861643	33	238531	true	2016-10-11T18:44:48Z	2016-10-11T18:44:48Z	28	test/inspect-test.js
83019163	33	11979939	true	2016-10-12T14:36:30Z	2016-10-12T14:36:30Z	93	test/inspect-test.js
83189788	33	238531	true	2016-10-13T10:51:20Z	2016-10-13T10:51:20Z	8	README.md
83971451	38	238531	true	2016-10-18T23:21:47Z	2016-10-18T23:22:06Z	6	src/llv8.cc
83971461	38	238531	true	2016-10-18T23:21:53Z	2016-10-18T23:22:06Z	1	src/llv8.cc
84755072	42	238531	true	2016-10-24T18:41:36Z	2016-10-24T18:42:47Z	10	src/llnode.cc
84755124	42	238531	true	2016-10-24T18:41:49Z	2016-10-24T18:42:47Z	2	src/llnode.cc
84755185	42	238531	true	2016-10-24T18:42:06Z	2016-10-24T18:42:47Z	7	src/llnode.cc
84759357	40	238531	true	2016-10-24T19:00:34Z	2016-10-24T19:03:14Z	15	src/llscan.cc
84759394	40	238531	true	2016-10-24T19:00:44Z	2016-10-24T19:03:14Z	11	src/llscan.cc
84759403	40	238531	true	2016-10-24T19:00:47Z	2016-10-24T19:03:14Z	1	src/llscan.cc
84759594	40	238531	true	2016-10-24T19:01:55Z	2016-10-24T19:03:14Z	38	src/llscan.cc
85137606	40	11979939	true	2016-10-26T14:39:26Z	2016-10-26T14:39:26Z	67	src/llscan.cc
85167516	40	238531	true	2016-10-26T16:44:10Z	2016-10-26T16:46:13Z	8	src/llscan.cc
85167627	40	238531	true	2016-10-26T16:44:43Z	2016-10-26T16:46:13Z	2	src/llscan.cc
85167714	40	238531	true	2016-10-26T16:45:08Z	2016-10-26T16:46:13Z	3	src/llscan.cc
85303572	40	11979939	true	2016-10-27T09:53:25Z	2016-10-27T09:53:25Z	26	src/llscan.cc
252611368	32	11979939	true	2016-10-10T12:59:38Z	2016-10-10T12:59:38Z	59	
252613646	33	238531	true	2016-10-10T13:10:28Z	2016-10-10T13:10:28Z	2	
252627010	33	11979939	true	2016-10-10T13:55:11Z	2016-10-10T13:55:11Z	32	
252631390	33	238531	true	2016-10-10T14:08:18Z	2016-10-10T14:08:18Z	89	
252657730	34	238531	true	2016-10-10T15:33:13Z	2016-10-10T15:33:13Z	2	
252663702	35	238531	true	2016-10-10T15:56:48Z	2016-10-10T15:56:48Z	33	
252673884	35	1231635	true	2016-10-10T16:37:41Z	2016-10-10T16:37:41Z	106	
252674531	35	238531	true	2016-10-10T16:40:25Z	2016-10-10T16:40:25Z	15	
252708207	35	1231635	true	2016-10-10T18:48:11Z	2016-10-10T18:48:11Z	36	
252874229	33	11979939	true	2016-10-11T10:33:47Z	2016-10-11T10:33:47Z	34	
253247237	33	238531	true	2016-10-12T15:28:51Z	2016-10-12T15:28:51Z	12	
253452993	33	11979939	true	2016-10-13T08:49:13Z	2016-10-13T08:49:13Z	31	
253480655	33	238531	true	2016-10-13T10:52:35Z	2016-10-13T10:52:35Z	26	
253504271	33	238531	true	2016-10-13T12:53:00Z	2016-10-13T12:53:00Z	2	
253510325	1	11979939	false	2016-10-13T13:18:05Z	2016-10-13T13:18:05Z	21	
253511243	1	238531	false	2016-10-13T13:22:09Z	2016-10-13T13:22:09Z	12	
254205437	37	16722535	false	2016-10-17T13:22:08Z	2016-10-17T13:22:08Z	22	
254255417	39	16722535	true	2016-10-17T16:16:21Z	2016-10-17T16:16:21Z	16	
254258588	39	15943089	true	2016-10-17T16:27:32Z	2016-10-17T16:27:32Z	3	
254666825	37	238531	false	2016-10-18T23:17:52Z	2016-10-18T23:17:52Z	21	
254668266	39	238531	true	2016-10-18T23:26:38Z	2016-10-18T23:26:38Z	5	
255141213	40	16722535	true	2016-10-20T15:32:21Z	2016-10-20T15:32:21Z	22	
255162731	17	16722535	false	2016-10-20T16:49:53Z	2016-10-20T16:49:53Z	92	
255727326	41	11979939	false	2016-10-24T12:32:24Z	2016-10-24T12:32:24Z	122	
256375795	17	16722535	false	2016-10-26T15:04:44Z	2016-10-26T15:04:44Z	21	
256383108	40	11979939	true	2016-10-26T15:29:19Z	2016-10-26T15:29:19Z	77	
256408813	17	238531	false	2016-10-26T16:46:58Z	2016-10-26T16:46:58Z	18	
256408923	42	238531	true	2016-10-26T16:47:24Z	2016-10-26T16:47:24Z	2	
