18809770	ad9e6f0ae8d109caa16d911d7c11262e85a78880	5608970	false	2016-08-29T09:32:20Z	2016-08-29T09:32:20Z	1	locale/en/foundation/index.md
19424221	55c8eb4116d07a0b36e6c538f58ae21419cb3f3a	2725611	false	2016-10-14T07:16:06Z	2016-10-14T07:16:06Z	21	locale/en/blog/release/v6.8.0.md
70048204	819	1443911	true	2016-07-08T09:28:43Z	2016-07-08T09:28:43Z	19	locale/en/site.json
70087741	820	498775	true	2016-07-08T15:00:49Z	2016-07-08T15:00:49Z	4	locale/en/blog/weekly-updates/weekly-update.2016-07-08.md
70107146	820	6078550	true	2016-07-08T17:07:18Z	2016-07-08T17:07:18Z	8	locale/en/blog/weekly-updates/weekly-update.2016-07-08.md
70107374	820	677994	true	2016-07-08T17:09:03Z	2016-07-08T17:09:03Z	15	locale/en/blog/weekly-updates/weekly-update.2016-07-08.md
70161266	820	5035902	true	2016-07-09T02:57:29Z	2016-07-09T02:57:29Z	8	locale/en/blog/weekly-updates/weekly-update.2016-07-08.md
70161335	820	5035902	true	2016-07-09T03:02:06Z	2016-07-09T03:02:06Z	5	locale/en/blog/weekly-updates/weekly-update.2016-07-08.md
70161475	820	5035902	true	2016-07-09T03:12:33Z	2016-07-09T03:12:33Z	4	locale/en/blog/weekly-updates/weekly-update.2016-07-08.md
70165000	821	6316590	true	2016-07-09T09:39:25Z	2016-07-09T09:39:25Z	8	package.json
70165047	821	153481	true	2016-07-09T09:43:14Z	2016-07-09T09:43:14Z	25	package.json
70165064	821	153481	true	2016-07-09T09:45:27Z	2016-07-09T09:45:27Z	5	package.json
70165071	821	1443911	true	2016-07-09T09:46:05Z	2016-07-09T09:46:05Z	19	package.json
70169105	821	498775	true	2016-07-09T16:27:21Z	2016-07-09T16:27:21Z	6	package.json
70172315	821	6078550	true	2016-07-09T21:33:01Z	2016-07-09T21:33:01Z	16	package.json
70176263	821	153481	true	2016-07-10T05:35:53Z	2016-07-10T05:35:53Z	16	package.json
71061594	829	1443911	true	2016-07-16T05:52:43Z	2016-07-16T05:52:43Z	17	locale/en/foundation/case-studies.md
71061597	829	1443911	true	2016-07-16T05:53:29Z	2016-07-16T05:53:29Z	13	locale/en/foundation/case-studies.md
72924102	843	128431	true	2016-08-01T04:55:37Z	2016-08-01T04:55:37Z	9	locale/ko/about/governance.md
72924267	843	128431	true	2016-08-01T04:59:22Z	2016-08-01T04:59:22Z	10	locale/ko/about/governance.md
72924391	843	128431	true	2016-08-01T05:01:55Z	2016-08-01T05:01:55Z	5	locale/ko/about/governance.md
72961660	843	128431	true	2016-08-01T11:17:35Z	2016-08-01T11:17:35Z	3	locale/ko/about/index.md
73350077	848	1443911	true	2016-08-03T14:39:17Z	2016-08-03T14:39:17Z	18	package.json
73368763	848	6078550	true	2016-08-03T16:20:48Z	2016-08-03T16:20:48Z	7	package.json
73469924	849	1443911	true	2016-08-04T06:50:11Z	2016-08-04T06:50:11Z	6	package.json
73911859	847	27926	true	2016-08-08T16:56:54Z	2016-08-08T16:56:54Z	4	locale/zh-cn/site.json
74018558	847	7384288	true	2016-08-09T08:34:11Z	2016-08-09T08:34:11Z	3	locale/zh-cn/site.json
74457761	856	1443911	true	2016-08-11T16:40:38Z	2016-08-11T16:40:38Z	11	static/js/download.js
74540224	857	212034	true	2016-08-12T04:27:13Z	2016-08-12T04:27:13Z	20	locale/ko/download/current.md
74540260	857	212034	true	2016-08-12T04:27:50Z	2016-08-12T04:27:50Z	5	locale/ko/download/current.md
74540326	857	212034	true	2016-08-12T04:29:26Z	2016-08-12T04:29:26Z	7	locale/ko/download/index.md
74540511	857	212034	true	2016-08-12T04:33:32Z	2016-08-12T04:33:32Z	23	locale/ko/download/current.md
74541727	857	128431	true	2016-08-12T05:00:51Z	2016-08-12T05:00:51Z	6	locale/ko/download/package-manager.md
74541845	857	128431	true	2016-08-12T05:03:18Z	2016-08-12T05:03:18Z	22	locale/ko/download/package-manager.md
74541892	857	128431	true	2016-08-12T05:04:23Z	2016-08-12T05:04:23Z	6	locale/ko/download/package-manager.md
74553410	857	390146	true	2016-08-12T07:56:07Z	2016-08-12T07:56:07Z	14	locale/ko/download/current.md
74553453	857	390146	true	2016-08-12T07:56:31Z	2016-08-12T07:56:31Z	3	locale/ko/download/index.md
74553600	857	390146	true	2016-08-12T07:58:05Z	2016-08-12T07:58:05Z	22	locale/ko/download/package-manager.md
74554984	857	128431	true	2016-08-12T08:12:38Z	2016-08-12T08:12:38Z	6	locale/ko/download/package-manager.md
75247346	857	128431	true	2016-08-18T04:27:32Z	2016-08-18T04:27:32Z	18	locale/ko/download/package-manager.md
75425495	857	390146	true	2016-08-19T04:10:51Z	2016-08-19T04:10:51Z	6	locale/ko/download/package-manager.md
75438273	857	128431	true	2016-08-19T07:26:02Z	2016-08-19T07:26:02Z	4	locale/ko/download/package-manager.md
76741288	879	899444	true	2016-08-30T07:18:11Z	2016-08-30T07:18:11Z	5	locale/en/blog/community/v5-to-v7.md
76784168	879	1443911	true	2016-08-30T12:26:02Z	2016-08-30T12:26:02Z	17	locale/en/blog/community/v5-to-v7.md
76784513	879	899444	true	2016-08-30T12:28:40Z	2016-08-30T12:28:40Z	29	locale/en/blog/community/v5-to-v7.md
76789585	879	79017	true	2016-08-30T13:02:59Z	2016-08-30T13:02:59Z	33	locale/en/blog/community/v5-to-v7.md
76790588	879	6078550	true	2016-08-30T13:09:56Z	2016-08-30T13:09:57Z	13	locale/en/blog/community/v5-to-v7.md
76857612	879	2289	true	2016-08-30T18:56:04Z	2016-08-30T18:56:04Z	14	locale/en/blog/community/v5-to-v7.md
76870548	879	495647	true	2016-08-30T20:15:29Z	2016-08-30T20:15:29Z	14	locale/en/blog/community/v5-to-v7.md
76964220	881	1443911	true	2016-08-31T10:36:49Z	2016-08-31T10:36:49Z	25	locale/en/foundation/case-studies.md
76975776	879	495647	true	2016-08-31T12:10:47Z	2016-08-31T12:10:48Z	45	locale/en/blog/community/v5-to-v7.md
76976382	879	495647	true	2016-08-31T12:15:49Z	2016-08-31T12:15:49Z	32	locale/en/blog/community/v5-to-v7.md
76976519	879	6078550	true	2016-08-31T12:16:49Z	2016-08-31T12:16:49Z	6	locale/en/blog/community/v5-to-v7.md
78504467	893	6078550	true	2016-09-13T06:50:06Z	2016-09-13T06:50:06Z	17	locale/en/blog/announcements/interactive-2016-north-america-schedule.md
78504970	893	6078550	true	2016-09-13T06:53:57Z	2016-09-13T06:53:57Z	8	locale/en/blog/announcements/interactive-2016-north-america-schedule.md
78505369	893	696611	true	2016-09-13T06:57:36Z	2016-09-13T06:57:36Z	18	locale/en/blog/announcements/interactive-2016-north-america-schedule.md
78505494	893	6078550	true	2016-09-13T06:58:41Z	2016-09-13T06:58:41Z	2	locale/en/blog/announcements/interactive-2016-north-america-schedule.md
78505768	893	696611	true	2016-09-13T07:01:24Z	2016-09-13T07:01:24Z	29	locale/en/blog/announcements/interactive-2016-north-america-schedule.md
78505831	893	6078550	true	2016-09-13T07:02:00Z	2016-09-13T07:02:00Z	4	locale/en/blog/announcements/interactive-2016-north-america-schedule.md
78537794	893	1443911	true	2016-09-13T11:05:04Z	2016-09-13T11:05:04Z	1	locale/en/blog/announcements/interactive-2016-north-america-schedule.md
78814227	888	6078550	true	2016-09-14T18:59:24Z	2016-09-14T18:59:25Z	3	locale/en/docs/guides/getting-started.md
78814315	888	6078550	true	2016-09-14T18:59:52Z	2016-09-14T18:59:52Z	12	locale/en/docs/guides/getting-started.md
78814419	888	6078550	true	2016-09-14T19:00:20Z	2016-09-14T19:00:20Z	3	locale/en/docs/guides/getting-started.md
78814549	888	6078550	true	2016-09-14T19:00:52Z	2016-09-14T19:00:52Z	9	locale/en/docs/guides/getting-started.md
79123838	896	1231635	true	2016-09-16T08:14:54Z	2016-09-16T08:15:42Z	17	locale/en/foundation/index.md
79123868	896	1231635	true	2016-09-16T08:15:05Z	2016-09-16T08:15:43Z	17	locale/en/foundation/index.md
79123913	896	1231635	true	2016-09-16T08:15:20Z	2016-09-16T08:15:43Z	17	locale/en/foundation/index.md
79123938	896	1231635	true	2016-09-16T08:15:34Z	2016-09-16T08:15:43Z	17	locale/en/foundation/index.md
79123961	896	1231635	true	2016-09-16T08:15:42Z	2016-09-16T08:15:43Z	17	locale/en/foundation/index.md
79296029	900	6259812	true	2016-09-18T02:34:24Z	2016-09-18T02:34:24Z	6	locale/ja/security.md
79296049	900	6259812	true	2016-09-18T02:35:45Z	2016-09-18T02:35:45Z	6	locale/ja/security.md
79297035	900	2628239	true	2016-09-18T04:07:15Z	2016-09-18T04:07:15Z	1	locale/ja/index.md
79297070	900	2628239	true	2016-09-18T04:10:31Z	2016-09-18T04:10:31Z	4	locale/ja/security.md
79297351	900	1093990	true	2016-09-18T04:35:06Z	2016-09-18T04:35:06Z	6	locale/ja/styles.styl
79301596	903	1443911	true	2016-09-18T09:12:39Z	2016-09-18T09:13:05Z	4	layouts/partials/primary-download-matrix.hbs
79302718	903	153481	true	2016-09-18T10:20:16Z	2016-09-18T10:20:17Z	21	layouts/partials/primary-download-matrix.hbs
79302826	903	1443911	true	2016-09-18T10:31:21Z	2016-09-18T10:31:21Z	31	layouts/partials/primary-download-matrix.hbs
79304489	903	115237	true	2016-09-18T12:23:22Z	2016-09-18T12:23:22Z	6	layouts/partials/primary-download-matrix.hbs
79305618	900	1716463	true	2016-09-18T13:24:49Z	2016-09-18T13:24:49Z	51	locale/ja/styles.styl
79329318	903	153481	true	2016-09-19T05:26:07Z	2016-09-19T05:26:07Z	3	layouts/partials/primary-download-matrix.hbs
79988889	906	1716463	true	2016-09-22T07:44:45Z	2016-09-22T07:44:45Z	7	locale/ja/download/package-manager.md
79989695	906	1716463	true	2016-09-22T07:51:33Z	2016-09-22T07:51:33Z	11	locale/ja/download/current.md
79990269	906	1716463	true	2016-09-22T07:56:41Z	2016-09-22T07:56:41Z	21	locale/ja/download/releases.md
80123963	906	3367801	true	2016-09-22T20:01:09Z	2016-09-22T20:01:09Z	22	locale/ja/download/current.md
80129558	909	1443911	true	2016-09-22T20:30:27Z	2016-09-22T20:30:27Z	28	layouts/index.hbs
80186891	904	390146	true	2016-09-23T06:17:17Z	2016-09-23T06:17:17Z	10	locale/ko/docs/es6.md
80186954	904	390146	true	2016-09-23T06:18:06Z	2016-09-23T06:18:06Z	11	locale/ko/docs/es6.md
80187087	904	390146	true	2016-09-23T06:19:34Z	2016-09-23T06:19:34Z	9	locale/ko/docs/faq.md
80187136	904	390146	true	2016-09-23T06:20:17Z	2016-09-23T06:20:17Z	4	locale/ko/docs/guides/anatomy-of-an-http-transaction.md
80187351	904	390146	true	2016-09-23T06:22:43Z	2016-09-23T06:22:43Z	11	locale/ko/docs/meta/topics/dependencies.md
80193435	904	212034	true	2016-09-23T07:25:47Z	2016-09-23T07:25:48Z	6	locale/ko/docs/es6.md
80193666	904	212034	true	2016-09-23T07:28:00Z	2016-09-23T07:28:00Z	11	locale/ko/docs/es6.md
80194027	904	212034	true	2016-09-23T07:31:13Z	2016-09-23T07:31:13Z	16	locale/ko/docs/es6.md
80194293	904	128431	true	2016-09-23T07:33:09Z	2016-09-23T07:33:09Z	12	locale/ko/docs/faq.md
80194355	904	128431	true	2016-09-23T07:33:37Z	2016-09-23T07:33:37Z	2	locale/ko/docs/es6.md
80194479	904	128431	true	2016-09-23T07:34:44Z	2016-09-23T07:34:44Z	15	locale/ko/docs/guides/anatomy-of-an-http-transaction.md
80194714	904	212034	true	2016-09-23T07:36:37Z	2016-09-23T07:36:37Z	19	locale/ko/docs/faq.md
80195381	904	212034	true	2016-09-23T07:41:56Z	2016-09-23T07:41:56Z	47	locale/ko/docs/guides/anatomy-of-an-http-transaction.md
80195500	904	212034	true	2016-09-23T07:43:07Z	2016-09-23T07:43:07Z	4	locale/ko/docs/guides/anatomy-of-an-http-transaction.md
80195883	904	212034	true	2016-09-23T07:46:26Z	2016-09-23T07:46:26Z	14	locale/ko/docs/guides/anatomy-of-an-http-transaction.md
80196214	904	212034	true	2016-09-23T07:49:24Z	2016-09-23T07:49:24Z	15	locale/ko/docs/guides/anatomy-of-an-http-transaction.md
80196397	904	212034	true	2016-09-23T07:50:50Z	2016-09-23T07:50:50Z	23	locale/ko/docs/guides/anatomy-of-an-http-transaction.md
80196764	904	212034	true	2016-09-23T07:53:16Z	2016-09-23T07:53:16Z	17	locale/ko/docs/guides/anatomy-of-an-http-transaction.md
80354838	906	2628239	true	2016-09-24T07:30:40Z	2016-09-24T07:30:40Z	1	locale/ja/download/package-manager.md
80354969	906	2628239	true	2016-09-24T07:36:13Z	2016-09-24T07:36:13Z	1	locale/ja/download/package-manager.md
80354977	906	2628239	true	2016-09-24T07:36:31Z	2016-09-24T07:36:31Z	4	locale/ja/download/current.md
80354979	906	2628239	true	2016-09-24T07:36:51Z	2016-09-24T07:36:51Z	1	locale/ja/download/releases.md
80354984	906	2628239	true	2016-09-24T07:37:33Z	2016-09-24T07:37:34Z	5	locale/ja/download/current.md
80354987	906	2628239	true	2016-09-24T07:37:41Z	2016-09-24T07:37:41Z	1	locale/ja/download/package-manager.md
80355643	906	34588	true	2016-09-24T08:28:16Z	2016-09-24T08:28:16Z	1	locale/ja/download/package-manager.md
80355648	906	34588	true	2016-09-24T08:28:36Z	2016-09-24T08:28:36Z	1	locale/ja/download/package-manager.md
80355741	906	2628239	true	2016-09-24T08:34:28Z	2016-09-24T08:34:28Z	1	locale/ja/download/package-manager.md
80355764	906	2628239	true	2016-09-24T08:36:39Z	2016-09-24T08:36:39Z	1	locale/ja/download/package-manager.md
80356147	906	34588	true	2016-09-24T09:02:34Z	2016-09-24T09:02:34Z	1	locale/ja/download/package-manager.md
80356408	906	34588	true	2016-09-24T09:04:47Z	2016-09-24T09:04:48Z	1	locale/ja/download/package-manager.md
80357743	906	2628239	true	2016-09-24T09:47:08Z	2016-09-24T09:47:08Z	3	locale/ja/download/package-manager.md
80378102	904	212034	true	2016-09-25T09:44:42Z	2016-09-25T09:44:42Z	12	locale/ko/docs/guides/anatomy-of-an-http-transaction.md
80378174	904	212034	true	2016-09-25T09:50:03Z	2016-09-25T09:50:03Z	28	locale/ko/docs/guides/anatomy-of-an-http-transaction.md
80395031	904	128431	true	2016-09-25T23:37:53Z	2016-09-25T23:38:04Z	15	locale/ko/docs/meta/topics/dependencies.md
80400565	904	390146	true	2016-09-26T02:21:35Z	2016-09-26T02:21:35Z	10	locale/ko/docs/meta/topics/dependencies.md
81450653	904	853977	true	2016-10-01T14:06:48Z	2016-10-01T14:06:48Z	3	locale/ko/docs/es6.md
81450739	904	853977	true	2016-10-01T14:10:46Z	2016-10-01T14:10:46Z	13	locale/ko/docs/es6.md
81450788	904	853977	true	2016-10-01T14:13:20Z	2016-10-01T14:13:38Z	9	locale/ko/docs/guides/anatomy-of-an-http-transaction.md
81450849	904	853977	true	2016-10-01T14:17:53Z	2016-10-01T14:18:01Z	13	locale/ko/docs/guides/anatomy-of-an-http-transaction.md
81450871	904	853977	true	2016-10-01T14:19:27Z	2016-10-01T14:19:27Z	4	locale/ko/docs/guides/anatomy-of-an-http-transaction.md
81450907	904	853977	true	2016-10-01T14:21:16Z	2016-10-01T14:21:16Z	11	locale/ko/docs/guides/anatomy-of-an-http-transaction.md
81450953	904	853977	true	2016-10-01T14:24:09Z	2016-10-01T14:24:09Z	12	locale/ko/docs/guides/anatomy-of-an-http-transaction.md
81450997	904	853977	true	2016-10-01T14:27:04Z	2016-10-01T14:27:04Z	5	locale/ko/docs/guides/nodejs-docker-webapp.md
81451009	904	853977	true	2016-10-01T14:27:46Z	2016-10-01T14:28:23Z	9	locale/ko/docs/guides/nodejs-docker-webapp.md
81451051	904	853977	true	2016-10-01T14:29:51Z	2016-10-01T14:29:51Z	16	locale/ko/docs/guides/nodejs-docker-webapp.md
81451099	904	853977	true	2016-10-01T14:32:58Z	2016-10-01T14:32:58Z	3	locale/ko/docs/guides/simple-profiling.md
81451129	904	853977	true	2016-10-01T14:34:49Z	2016-10-01T14:34:49Z	5	locale/ko/docs/guides/simple-profiling.md
81451165	904	853977	true	2016-10-01T14:36:49Z	2016-10-01T14:36:49Z	7	locale/ko/docs/guides/working-with-different-filesystems.md
81451227	904	853977	true	2016-10-01T14:40:29Z	2016-10-01T14:40:29Z	3	locale/ko/docs/index.md
81451233	904	853977	true	2016-10-01T14:41:10Z	2016-10-01T14:41:10Z	3	locale/ko/docs/meta/topics/dependencies.md
81451234	904	853977	true	2016-10-01T14:41:30Z	2016-10-01T14:42:17Z	4	locale/ko/docs/meta/topics/dependencies.md
81485721	933	555645	true	2016-10-03T02:41:19Z	2016-10-03T02:48:54Z	4	locale/ja/about/index.md
81485815	933	555645	true	2016-10-03T02:43:56Z	2016-10-03T02:48:54Z	5	locale/ja/about/index.md
81485843	933	555645	true	2016-10-03T02:44:40Z	2016-10-03T02:48:54Z	2	locale/ja/site.json
81485981	933	555645	true	2016-10-03T02:47:31Z	2016-10-03T02:48:54Z	5	locale/ja/about/index.md
81486516	933	2628239	true	2016-10-03T03:00:19Z	2016-10-03T03:00:19Z	3	locale/ja/about/index.md
81486540	933	2628239	true	2016-10-03T03:01:02Z	2016-10-03T03:01:02Z	2	locale/ja/about/index.md
81493691	933	3367801	true	2016-10-03T05:51:29Z	2016-10-03T05:51:29Z	3	locale/ja/about/index.md
81493725	933	12539	true	2016-10-03T05:52:14Z	2016-10-03T05:52:14Z	1	locale/ja/about/index.md
81493882	933	12539	true	2016-10-03T05:55:17Z	2016-10-03T05:55:17Z	2	locale/ja/about/index.md
82060991	938	1443911	true	2016-10-05T20:19:13Z	2016-10-05T20:19:14Z	11	locale/en/foundation/index.md
82273775	938	718899	true	2016-10-06T20:12:20Z	2016-10-06T20:12:20Z	16	locale/en/foundation/index.md
82280681	938	718899	true	2016-10-06T20:44:17Z	2016-10-06T20:44:17Z	43	locale/en/foundation/index.md
82558242	946	1716463	true	2016-10-10T08:03:20Z	2016-10-10T08:03:20Z	11	locale/ja/docs/index.md
82558495	946	1716463	true	2016-10-10T08:05:14Z	2016-10-10T08:05:15Z	10	locale/ja/docs/index.md
82559115	946	1716463	true	2016-10-10T08:10:41Z	2016-10-10T08:10:42Z	13	locale/ja/docs/index.md
82561114	946	1587053	true	2016-10-10T08:26:44Z	2016-10-10T08:26:44Z	30	locale/ja/docs/index.md
82561692	946	1587053	true	2016-10-10T08:31:02Z	2016-10-10T08:31:02Z	8	locale/ja/docs/index.md
82562104	946	1587053	true	2016-10-10T08:34:09Z	2016-10-10T08:34:09Z	3	locale/ja/docs/index.md
82574283	946	3367801	true	2016-10-10T09:58:16Z	2016-10-10T09:58:16Z	5	locale/ja/docs/index.md
82574564	946	1716463	true	2016-10-10T10:00:27Z	2016-10-10T10:00:27Z	2	locale/ja/docs/index.md
82574882	946	1716463	true	2016-10-10T10:03:17Z	2016-10-10T10:03:17Z	7	locale/ja/docs/index.md
82575137	946	3367801	true	2016-10-10T10:05:10Z	2016-10-10T10:05:10Z	8	locale/ja/docs/index.md
82579227	946	1587053	true	2016-10-10T10:36:25Z	2016-10-10T10:36:25Z	3	locale/ja/docs/index.md
82645055	949	1716463	true	2016-10-10T17:12:26Z	2016-10-10T17:12:26Z	3	locale/ja/docs/faq.mdown
82709227	948	2628239	true	2016-10-11T00:58:43Z	2016-10-11T00:58:43Z	3	locale/ja/docs/es6.md
82709414	949	2628239	true	2016-10-11T01:01:41Z	2016-10-11T01:01:41Z	3	locale/ja/docs/faq.mdown
82709513	948	2628239	true	2016-10-11T01:03:02Z	2016-10-11T01:03:02Z	4	locale/ja/docs/es6.md
82709737	948	2628239	true	2016-10-11T01:06:09Z	2016-10-11T01:06:09Z	8	locale/ja/docs/es6.md
82714996	948	3367801	true	2016-10-11T02:21:45Z	2016-10-11T02:21:45Z	10	locale/ja/docs/es6.md
82931920	949	1587053	true	2016-10-12T03:44:03Z	2016-10-12T03:44:03Z	5	locale/ja/docs/faq.mdown
82931993	949	1587053	true	2016-10-12T03:45:19Z	2016-10-12T03:45:19Z	1	locale/ja/docs/faq.mdown
82932024	949	1587053	true	2016-10-12T03:45:46Z	2016-10-12T03:45:46Z	2	locale/ja/docs/faq.mdown
83148801	948	1587053	true	2016-10-13T06:04:42Z	2016-10-13T06:04:42Z	3	locale/ja/docs/es6.md
83150288	948	2628239	true	2016-10-13T06:21:56Z	2016-10-13T06:21:57Z	1	locale/ja/docs/es6.md
83150404	948	2628239	true	2016-10-13T06:23:32Z	2016-10-13T06:23:32Z	4	locale/ja/docs/es6.md
83602548	971	153481	true	2016-10-17T09:05:39Z	2016-10-17T09:06:10Z	1	locale/de/site.json
83602621	971	153481	true	2016-10-17T09:06:01Z	2016-10-17T09:06:01Z	2	locale/de/site.json
83602682	971	153481	true	2016-10-17T09:06:24Z	2016-10-17T09:06:24Z	2	locale/de/site.json
83602730	971	153481	true	2016-10-17T09:06:44Z	2016-10-17T09:06:44Z	1	locale/de/site.json
83602743	971	153481	true	2016-10-17T09:06:50Z	2016-10-17T09:06:50Z	1	locale/de/site.json
83602771	971	153481	true	2016-10-17T09:07:01Z	2016-10-17T09:07:01Z	1	locale/de/site.json
83602842	971	153481	true	2016-10-17T09:07:26Z	2016-10-17T09:07:26Z	2	locale/de/site.json
83602997	971	153481	true	2016-10-17T09:08:25Z	2016-10-17T09:08:25Z	3	locale/de/site.json
83603068	971	153481	true	2016-10-17T09:08:54Z	2016-10-17T09:08:54Z	7	locale/de/site.json
83603187	971	153481	true	2016-10-17T09:09:38Z	2016-10-17T09:09:38Z	5	locale/de/site.json
83603340	971	153481	true	2016-10-17T09:10:44Z	2016-10-17T09:12:33Z	2	locale/de/index.md
83603549	971	153481	true	2016-10-17T09:12:12Z	2016-10-17T09:12:12Z	12	locale/de/index.md
83603856	971	153481	true	2016-10-17T09:13:52Z	2016-10-17T09:13:52Z	6	locale/de/download/index.md
83603963	971	153481	true	2016-10-17T09:14:29Z	2016-10-17T09:14:29Z	15	locale/de/download/index.md
83603991	971	153481	true	2016-10-17T09:14:39Z	2016-10-17T09:14:39Z	2	locale/de/download/index.md
83604222	971	153481	true	2016-10-17T09:15:53Z	2016-10-17T09:15:53Z	25	locale/de/download/index.md
83604260	971	153481	true	2016-10-17T09:16:11Z	2016-10-17T09:39:37Z	1	locale/de/download/index.md
83604299	971	153481	true	2016-10-17T09:16:25Z	2016-10-17T09:39:37Z	1	locale/de/download/index.md
83604498	971	153481	true	2016-10-17T09:17:36Z	2016-10-17T09:39:37Z	1	locale/de/docs/index.md
83604635	971	153481	true	2016-10-17T09:18:31Z	2016-10-17T09:39:37Z	2	locale/de/docs/index.md
83604661	971	153481	true	2016-10-17T09:18:43Z	2016-10-17T09:39:37Z	1	locale/de/docs/index.md
83604731	971	153481	true	2016-10-17T09:19:06Z	2016-10-17T09:39:37Z	1	locale/de/docs/index.md
83604849	971	153481	true	2016-10-17T09:19:53Z	2016-10-17T09:39:37Z	1	locale/de/docs/index.md
83604911	971	153481	true	2016-10-17T09:20:11Z	2016-10-17T09:39:37Z	1	locale/de/docs/index.md
83604972	971	153481	true	2016-10-17T09:20:30Z	2016-10-17T09:39:37Z	2	locale/de/docs/index.md
83605047	971	153481	true	2016-10-17T09:20:53Z	2016-10-17T09:39:37Z	1	locale/de/docs/index.md
83605137	971	153481	true	2016-10-17T09:21:32Z	2016-10-17T09:39:37Z	2	locale/de/about/index.md
83605331	971	153481	true	2016-10-17T09:22:45Z	2016-10-17T09:39:37Z	22	locale/de/about/index.md
83605421	971	153481	true	2016-10-17T09:23:22Z	2016-10-17T09:39:37Z	6	locale/de/about/index.md
83605579	971	153481	true	2016-10-17T09:24:21Z	2016-10-17T09:39:37Z	1	locale/de/about/index.md
83605647	971	153481	true	2016-10-17T09:24:52Z	2016-10-17T09:39:37Z	1	locale/de/about/index.md
83605937	971	153481	true	2016-10-17T09:26:17Z	2016-10-17T09:39:38Z	1	locale/de/about/index.md
83606175	971	153481	true	2016-10-17T09:27:36Z	2016-10-17T09:39:38Z	23	locale/de/about/index.md
83606253	971	153481	true	2016-10-17T09:28:01Z	2016-10-17T09:39:38Z	7	locale/de/about/index.md
83606331	971	153481	true	2016-10-17T09:28:31Z	2016-10-17T09:39:38Z	1	locale/de/about/index.md
83606432	971	153481	true	2016-10-17T09:29:02Z	2016-10-17T09:39:38Z	1	locale/de/about/index.md
83606553	971	153481	true	2016-10-17T09:29:41Z	2016-10-17T09:39:38Z	7	locale/de/about/index.md
83911335	979	502396	true	2016-10-18T17:48:05Z	2016-10-18T17:48:05Z	20	locale/en/blog/release/v6.9.0.md
83911658	979	495647	true	2016-10-18T17:49:39Z	2016-10-18T17:49:39Z	11	locale/en/blog/release/v6.9.0.md
84589679	948	1587053	true	2016-10-23T04:01:44Z	2016-10-23T04:01:44Z	2	locale/ja/docs/es6.md
84593479	948	2628239	true	2016-10-23T10:17:56Z	2016-10-23T10:17:56Z	4	locale/ja/docs/es6.md
84604678	990	1443911	true	2016-10-23T21:01:35Z	2016-10-23T21:01:35Z	4	scripts/helpers/latestversion.js
84604704	990	1443911	true	2016-10-23T21:02:34Z	2016-10-23T21:02:34Z	11	scripts/helpers/latestversion.js
84766522	990	767105	true	2016-10-24T19:39:22Z	2016-10-24T19:39:22Z	6	scripts/helpers/latestversion.js
84927713	993	899444	true	2016-10-25T15:17:35Z	2016-10-25T15:17:35Z	5	locale/en/blog/release/v7.0.0.md
85639287	1001	390146	true	2016-10-29T12:14:15Z	2016-10-29T12:14:22Z	15	locale/ko/index.md
85644694	1001	128431	true	2016-10-29T17:31:31Z	2016-10-29T17:31:31Z	12	locale/ko/index.md
85671170	1002	495647	true	2016-10-30T22:21:48Z	2016-10-30T22:21:48Z	5	locale/en/download/package-manager.md
85671199	1002	495647	true	2016-10-30T22:23:10Z	2016-10-30T22:23:10Z	17	locale/en/download/package-manager.md
86342850	1007	1443911	true	2016-11-03T13:37:48Z	2016-11-03T13:37:48Z	4	layouts/css/page-modules/_interactive-banner.styl
86344347	1007	767105	true	2016-11-03T13:43:52Z	2016-11-03T13:43:52Z	2	layouts/css/page-modules/_interactive-banner.styl
86612634	1011	718899	true	2016-11-04T19:02:08Z	2016-11-04T19:02:34Z	17	locale/en/blog/weekly-updates/weekly-update.2016-11-04.md
86612816	1011	718899	true	2016-11-04T19:03:20Z	2016-11-04T19:03:20Z	11	locale/en/blog/weekly-updates/weekly-update.2016-11-04.md
87615580	1021	718899	true	2016-11-11T16:25:45Z	2016-11-11T16:26:13Z	12	locale/en/blog/weekly-updates/weekly-update.2016-11-11.md
87706404	1022	767105	true	2016-11-13T06:07:50Z	2016-11-13T06:08:05Z	42	locale/en/docs/guides/nodejs-docker-webapp.md
87817201	1014	767105	true	2016-11-14T15:04:04Z	2016-11-14T15:04:21Z	19	locale/en/get-involved/events.md
87924679	948	2628239	true	2016-11-15T00:25:23Z	2016-11-15T00:25:23Z	4	locale/ja/docs/es6.md
87925112	948	2628239	true	2016-11-15T00:28:47Z	2016-11-15T00:28:47Z	8	locale/ja/docs/es6.md
89719633	1032	853977	true	2016-11-28T05:29:19Z	2016-11-28T05:29:45Z	11	locale/ko/about/working-groups.md
89719702	1032	853977	true	2016-11-28T05:30:27Z	2016-11-28T05:30:27Z	11	locale/ko/about/working-groups.md
89719783	1032	853977	true	2016-11-28T05:32:10Z	2016-11-28T05:32:32Z	14	locale/ko/about/working-groups.md
89719880	1032	853977	true	2016-11-28T05:33:42Z	2016-11-28T05:33:42Z	3	locale/ko/about/working-groups.md
89719962	1032	853977	true	2016-11-28T05:35:00Z	2016-11-28T05:35:00Z	3	locale/ko/about/working-groups.md
89720058	1032	853977	true	2016-11-28T05:36:42Z	2016-11-28T05:36:42Z	7	locale/ko/about/working-groups.md
89720127	1032	853977	true	2016-11-28T05:37:53Z	2016-11-28T05:37:53Z	5	locale/ko/about/working-groups.md
89720322	1032	853977	true	2016-11-28T05:40:02Z	2016-11-28T05:40:02Z	22	locale/ko/about/working-groups.md
89720372	1032	853977	true	2016-11-28T05:40:34Z	2016-11-28T05:40:34Z	7	locale/ko/about/working-groups.md
89720384	1032	853977	true	2016-11-28T05:40:44Z	2016-11-28T05:47:03Z	7	locale/ko/about/working-groups.md
89720444	1032	853977	true	2016-11-28T05:41:45Z	2016-11-28T05:47:03Z	6	locale/ko/about/working-groups.md
89720495	1032	853977	true	2016-11-28T05:42:35Z	2016-11-28T05:47:03Z	7	locale/ko/about/working-groups.md
89720521	1032	853977	true	2016-11-28T05:42:55Z	2016-11-28T05:47:03Z	6	locale/ko/about/working-groups.md
89720559	1032	853977	true	2016-11-28T05:43:17Z	2016-11-28T05:47:03Z	6	locale/ko/about/working-groups.md
89720589	1032	853977	true	2016-11-28T05:43:42Z	2016-11-28T05:47:03Z	6	locale/ko/about/working-groups.md
89720643	1032	853977	true	2016-11-28T05:44:45Z	2016-11-28T05:47:03Z	8	locale/ko/download/package-manager.md
89720666	1032	853977	true	2016-11-28T05:45:03Z	2016-11-28T05:47:03Z	4	locale/ko/download/package-manager.md
89720683	1032	853977	true	2016-11-28T05:45:20Z	2016-11-28T05:47:03Z	4	locale/ko/download/package-manager.md
89720688	1032	853977	true	2016-11-28T05:45:26Z	2016-11-28T05:47:03Z	4	locale/ko/download/package-manager.md
90758404	1044	1443911	true	2016-12-03T14:56:01Z	2016-12-03T14:56:01Z	1	locale/en/blog/community/update-v8-5.4.md
90758651	1044	1443911	true	2016-12-03T14:59:43Z	2016-12-03T14:59:43Z	15	locale/en/blog/community/update-v8-5.4.md
90765040	1044	767105	true	2016-12-03T21:06:36Z	2016-12-03T21:06:36Z	24	locale/en/blog/community/update-v8-5.4.md
90887919	1044	2352663	true	2016-12-05T15:33:34Z	2016-12-05T15:33:34Z	1	locale/en/blog/community/update-v8-5.4.md
91633688	1060	275871	true	2016-12-08T23:49:11Z	2016-12-08T23:51:51Z	23	locale/en/about/privacy.md
91634541	1060	579	true	2016-12-08T23:56:48Z	2016-12-08T23:56:48Z	18	locale/en/about/privacy.md
229083977	806	855219	false	2016-06-28T15:24:09Z	2016-06-28T15:24:09Z	136	
229115143	806	6078550	false	2016-06-28T17:07:49Z	2016-06-28T17:07:49Z	15	
229210387	808	439929	true	2016-06-28T23:04:45Z	2016-06-28T23:04:45Z	1	
229331621	809	6078550	true	2016-06-29T11:39:23Z	2016-06-29T11:39:23Z	1	
229341665	812	1443911	true	2016-06-29T12:30:45Z	2016-06-29T12:30:45Z	1	
229341824	810	6078550	true	2016-06-29T12:31:23Z	2016-06-29T12:31:23Z	2	
229341894	811	6078550	true	2016-06-29T12:31:44Z	2016-06-29T12:31:44Z	1	
229341934	812	6078550	true	2016-06-29T12:31:55Z	2016-06-29T12:31:55Z	1	
229342660	811	1443911	true	2016-06-29T12:35:27Z	2016-06-29T12:35:27Z	22	
229420834	806	1093990	false	2016-06-29T17:01:04Z	2016-06-29T17:01:04Z	20	
229421391	809	1093990	true	2016-06-29T17:03:03Z	2016-06-29T17:03:03Z	2	
230048835	813	579	false	2016-07-01T21:15:04Z	2016-07-01T21:15:04Z	15	
230049745	813	509375	false	2016-07-01T21:20:01Z	2016-07-01T21:20:01Z	15	
230091545	809	153481	true	2016-07-02T08:52:27Z	2016-07-02T08:52:27Z	3	
230241270	814	153481	true	2016-07-04T09:01:20Z	2016-07-04T09:01:20Z	1	
230253318	807	1093990	false	2016-07-04T09:59:03Z	2016-07-04T09:59:03Z	6	
230280010	814	6078550	true	2016-07-04T12:31:57Z	2016-07-04T12:31:57Z	1	
230675150	815	1443911	true	2016-07-06T05:35:32Z	2016-07-06T05:35:32Z	18	
230678362	815	767105	true	2016-07-06T06:04:38Z	2016-07-06T06:04:38Z	6	
230679403	815	767105	true	2016-07-06T06:13:19Z	2016-07-06T06:13:19Z	6	
230680519	815	1443911	true	2016-07-06T06:22:11Z	2016-07-06T06:22:11Z	3	
230849707	816	1141386	true	2016-07-06T17:44:48Z	2016-07-06T17:44:48Z	13	
230851025	816	6078550	true	2016-07-06T17:49:24Z	2016-07-06T17:49:24Z	2	
230924430	817	153481	true	2016-07-06T22:19:15Z	2016-07-06T22:19:15Z	4	
230942750	443	7758155	false	2016-07-06T23:59:57Z	2016-07-06T23:59:57Z	5	
231024561	742	1443911	false	2016-07-07T09:09:24Z	2016-07-07T09:09:24Z	77	
231053849	742	153481	false	2016-07-07T11:36:31Z	2016-07-07T11:36:31Z	21	
231053897	818	153481	true	2016-07-07T11:36:49Z	2016-07-07T11:36:49Z	2	
231108205	818	3367801	true	2016-07-07T15:12:14Z	2016-07-07T15:12:14Z	2	
231112910	742	527631	false	2016-07-07T15:26:21Z	2016-07-07T15:26:21Z	29	
231113629	742	1443911	false	2016-07-07T15:28:16Z	2016-07-07T15:28:16Z	22	
231232652	742	6316590	false	2016-07-07T23:01:08Z	2016-07-07T23:01:08Z	7	
231302044	742	527631	false	2016-07-08T08:17:23Z	2016-07-08T08:17:23Z	32	
231302854	779	527631	false	2016-07-08T08:21:56Z	2016-07-08T08:21:56Z	42	
231352297	819	527631	true	2016-07-08T12:56:36Z	2016-07-08T12:56:36Z	14	
231354866	819	527631	true	2016-07-08T13:09:18Z	2016-07-08T13:09:18Z	9	
231359387	819	6078550	true	2016-07-08T13:29:12Z	2016-07-08T13:29:12Z	1	
231363228	818	153481	true	2016-07-08T13:45:55Z	2016-07-08T13:45:55Z	8	
231363451	742	153481	false	2016-07-08T13:46:50Z	2016-07-08T13:46:50Z	3	
231363580	819	153481	true	2016-07-08T13:47:23Z	2016-07-08T13:47:23Z	3	
231423532	819	527631	true	2016-07-08T17:37:27Z	2016-07-08T17:37:27Z	2	
231424709	508	527631	false	2016-07-08T17:42:10Z	2016-07-08T17:42:10Z	17	
231497609	821	6078550	true	2016-07-08T23:41:37Z	2016-07-08T23:41:37Z	29	
231498579	821	18361147	true	2016-07-08T23:50:11Z	2016-07-08T23:50:11Z	18	
231499955	821	6078550	true	2016-07-09T00:02:30Z	2016-07-09T00:02:30Z	30	
231500246	821	6078550	true	2016-07-09T00:05:16Z	2016-07-09T00:05:16Z	13	
231511390	820	5035902	true	2016-07-09T03:05:17Z	2016-07-09T03:05:17Z	7	
231515616	821	1443911	true	2016-07-09T05:02:05Z	2016-07-09T05:02:05Z	6	
231519976	820	1773260	true	2016-07-09T07:05:57Z	2016-07-09T07:05:57Z	1	
231520789	820	1443911	true	2016-07-09T07:27:06Z	2016-07-09T07:27:06Z	20	
231525705	821	153481	true	2016-07-09T09:36:28Z	2016-07-09T09:36:28Z	30	
231748796	820	5035902	true	2016-07-11T14:21:09Z	2016-07-11T14:21:09Z	6	
232051309	822	15725142	false	2016-07-12T13:44:05Z	2016-07-12T13:44:05Z	27	
232256459	807	1189785	false	2016-07-13T04:57:01Z	2016-07-13T04:57:01Z	46	
232272917	807	153481	false	2016-07-13T07:01:06Z	2016-07-13T07:01:06Z	12	
232323192	821	1231635	true	2016-07-13T10:58:05Z	2016-07-13T10:58:05Z	179	
232325747	821	153481	true	2016-07-13T11:12:23Z	2016-07-13T11:12:23Z	18	
232325980	42	495647	false	2016-07-13T11:13:39Z	2016-07-13T11:13:39Z	43	
232330830	821	1231635	true	2016-07-13T11:40:47Z	2016-07-13T11:40:47Z	18	
232337597	821	153481	true	2016-07-13T12:16:55Z	2016-07-13T12:16:55Z	17	
232340454	821	1231635	true	2016-07-13T12:30:14Z	2016-07-13T12:30:14Z	47	
232343110	662	495647	false	2016-07-13T12:42:14Z	2016-07-13T12:42:14Z	32	
232408222	42	45469	false	2016-07-13T16:21:30Z	2016-07-13T16:21:30Z	29	
232423444	821	18361147	true	2016-07-13T17:14:54Z	2016-07-13T17:14:54Z	235	
232547691	42	495647	false	2016-07-14T03:28:03Z	2016-07-14T03:28:03Z	20	
232564183	223	527631	false	2016-07-14T05:59:40Z	2016-07-14T05:59:40Z	13	
232604094	824	6078550	false	2016-07-14T08:45:48Z	2016-07-14T08:45:48Z	24	
232681230	42	176984	false	2016-07-14T14:26:39Z	2016-07-14T14:26:39Z	43	
232833750	823	6316590	true	2016-07-15T00:56:55Z	2016-07-15T00:56:55Z	11	
232870739	823	1443911	true	2016-07-15T06:29:26Z	2016-07-15T06:29:26Z	7	
233004811	807	1093990	false	2016-07-15T16:46:58Z	2016-07-15T16:46:58Z	44	
233030809	807	1189785	false	2016-07-15T18:28:42Z	2016-07-15T18:28:42Z	32	
233111066	829	1443911	true	2016-07-16T05:54:40Z	2016-07-16T05:54:40Z	6	
233111167	827	1443911	true	2016-07-16T05:55:55Z	2016-07-16T05:55:55Z	12	
233112227	828	1443911	true	2016-07-16T06:08:08Z	2016-07-16T06:08:08Z	1	
233119954	829	6316590	true	2016-07-16T08:25:21Z	2016-07-16T08:25:21Z	6	
233122144	829	1443911	true	2016-07-16T09:30:59Z	2016-07-16T09:30:59Z	1	
233123592	827	6078550	true	2016-07-16T10:13:58Z	2016-07-16T10:13:58Z	20	
233123776	827	1443911	true	2016-07-16T10:19:56Z	2016-07-16T10:19:56Z	16	
233123789	827	6078550	true	2016-07-16T10:20:41Z	2016-07-16T10:20:41Z	4	
233123821	827	1443911	true	2016-07-16T10:22:01Z	2016-07-16T10:22:01Z	18	
233124127	827	6078550	true	2016-07-16T10:30:31Z	2016-07-16T10:30:31Z	2	
233131716	827	12159820	true	2016-07-16T14:00:30Z	2016-07-16T14:00:30Z	42	
233131855	829	12159820	true	2016-07-16T14:03:52Z	2016-07-16T14:03:52Z	4	
233171953	830	6316590	false	2016-07-17T08:49:23Z	2016-07-17T08:49:23Z	24	
233172829	830	1093990	false	2016-07-17T09:15:27Z	2016-07-17T09:15:27Z	201	
233174339	830	153481	false	2016-07-17T10:00:14Z	2016-07-17T10:00:14Z	27	
233272065	830	390146	false	2016-07-18T08:40:17Z	2016-07-18T08:40:17Z	60	
233272194	830	390146	false	2016-07-18T08:40:44Z	2016-07-18T08:40:44Z	10	
233279254	830	1093990	false	2016-07-18T09:06:10Z	2016-07-18T09:06:10Z	17	
233280414	830	390146	false	2016-07-18T09:12:32Z	2016-07-18T09:12:32Z	26	
233300877	830	1093990	false	2016-07-18T11:06:27Z	2016-07-18T11:06:27Z	17	
233582248	830	390146	false	2016-07-19T09:42:19Z	2016-07-19T09:42:19Z	3	
233582984	831	1443911	true	2016-07-19T09:45:38Z	2016-07-19T09:45:38Z	1	
233587338	223	153481	false	2016-07-19T10:04:31Z	2016-07-19T10:04:31Z	21	
233590183	821	153481	true	2016-07-19T10:17:34Z	2016-07-19T10:17:34Z	149	
234477856	834	153481	false	2016-07-22T07:51:45Z	2016-07-22T07:51:45Z	11	
234478419	834	5578546	false	2016-07-22T07:54:52Z	2016-07-22T07:54:52Z	20	
234492454	834	5578546	false	2016-07-22T09:02:58Z	2016-07-22T09:02:58Z	15	
234504348	835	153481	true	2016-07-22T09:56:49Z	2016-07-22T09:56:49Z	7	
234507743	833	10393198	true	2016-07-22T10:13:16Z	2016-07-22T10:13:16Z	11	
234526250	833	677994	true	2016-07-22T12:02:59Z	2016-07-22T12:02:59Z	31	
234528223	833	1443911	true	2016-07-22T12:14:33Z	2016-07-22T12:14:33Z	37	
234528371	833	677994	true	2016-07-22T12:15:22Z	2016-07-22T12:15:22Z	18	
234528479	833	1443911	true	2016-07-22T12:15:54Z	2016-07-22T12:15:54Z	18	
234528505	833	677994	true	2016-07-22T12:16:03Z	2016-07-22T12:16:03Z	3	
234529383	833	1443911	true	2016-07-22T12:21:01Z	2016-07-22T12:21:01Z	4	
234529453	836	677994	true	2016-07-22T12:21:24Z	2016-07-22T12:21:24Z	1	
234530169	833	1443911	true	2016-07-22T12:25:25Z	2016-07-22T12:25:25Z	2	
234536841	837	1443911	false	2016-07-22T12:59:02Z	2016-07-22T12:59:02Z	35	
234545830	838	677994	true	2016-07-22T13:37:47Z	2016-07-22T13:37:47Z	10	
234547027	838	1443911	true	2016-07-22T13:42:28Z	2016-07-22T13:42:28Z	12	
234547863	838	677994	true	2016-07-22T13:45:55Z	2016-07-22T13:45:55Z	9	
234551519	838	1443911	true	2016-07-22T14:00:26Z	2016-07-22T14:00:26Z	50	
234551805	838	677994	true	2016-07-22T14:01:35Z	2016-07-22T14:01:35Z	8	
234553324	835	5035902	true	2016-07-22T14:07:27Z	2016-07-22T14:07:27Z	5	
234556795	835	153481	true	2016-07-22T14:21:02Z	2016-07-22T14:21:02Z	4	
234688567	838	3367801	true	2016-07-23T00:46:48Z	2016-07-23T00:46:48Z	2	
234699817	839	153481	false	2016-07-23T05:05:52Z	2016-07-23T05:05:52Z	40	
234701348	839	1443911	false	2016-07-23T05:52:43Z	2016-07-23T05:52:43Z	10	
234701933	839	1231635	false	2016-07-23T06:10:19Z	2016-07-23T06:10:19Z	5	
234702358	839	5035902	false	2016-07-23T06:23:23Z	2016-07-23T06:23:23Z	8	
234703241	839	1231635	false	2016-07-23T06:50:16Z	2016-07-23T06:50:16Z	6	
234720376	840	6078550	true	2016-07-23T14:14:20Z	2016-07-23T14:14:20Z	15	
234721045	840	6894991	true	2016-07-23T14:28:39Z	2016-07-23T14:28:39Z	29	
234721209	840	6078550	true	2016-07-23T14:31:58Z	2016-07-23T14:31:58Z	5	
234776591	802	1443911	false	2016-07-24T13:10:59Z	2016-07-24T13:10:59Z	45	
234961881	825	1231635	false	2016-07-25T14:02:44Z	2016-07-25T14:02:44Z	116	
235232590	839	677994	false	2016-07-26T10:42:47Z	2016-07-26T10:42:47Z	1	
235241838	832	15725142	false	2016-07-26T11:31:57Z	2016-07-26T11:31:57Z	16	
235363139	821	153481	true	2016-07-26T18:35:33Z	2016-07-26T18:35:33Z	8	
235530605	223	527631	false	2016-07-27T09:10:18Z	2016-07-27T09:10:18Z	101	
235531035	223	527631	false	2016-07-27T09:12:04Z	2016-07-27T09:12:04Z	4	
236429502	843	390146	true	2016-07-31T13:19:48Z	2016-07-31T13:19:48Z	15	
236429549	843	390146	true	2016-07-31T13:20:48Z	2016-07-31T13:20:48Z	16	
236441544	821	18361147	true	2016-07-31T16:57:35Z	2016-07-31T16:57:35Z	58	
236490484	843	128431	true	2016-08-01T05:06:58Z	2016-08-01T05:06:58Z	15	
236498768	843	390146	true	2016-08-01T06:24:12Z	2016-08-01T06:24:12Z	15	
236555522	843	128431	true	2016-08-01T11:25:20Z	2016-08-01T11:25:20Z	7	
236583273	844	1093990	true	2016-08-01T13:41:03Z	2016-08-01T13:41:03Z	27	
236937412	844	405222	true	2016-08-02T15:17:08Z	2016-08-02T15:17:08Z	6	
237013722	844	6078550	true	2016-08-02T19:19:16Z	2016-08-02T19:19:16Z	21	
237014047	844	6078550	true	2016-08-02T19:20:27Z	2016-08-02T19:20:27Z	15	
237016284	845	6078550	false	2016-08-02T19:29:00Z	2016-08-02T19:29:00Z	16	
237153137	844	125466	true	2016-08-03T06:25:26Z	2016-08-03T06:25:26Z	9	
237177611	844	3459374	true	2016-08-03T08:37:20Z	2016-08-03T08:37:20Z	16	
237188789	844	153481	true	2016-08-03T09:27:29Z	2016-08-03T09:27:29Z	2	
237193181	844	1231635	true	2016-08-03T09:47:24Z	2016-08-03T09:47:24Z	28	
237196697	844	3459374	true	2016-08-03T10:03:39Z	2016-08-03T10:03:39Z	33	
237203328	847	1443911	true	2016-08-03T10:38:54Z	2016-08-03T10:38:54Z	11	
237217766	847	1231635	true	2016-08-03T11:59:48Z	2016-08-03T11:59:48Z	23	
237232828	847	1443911	true	2016-08-03T13:12:02Z	2016-08-03T13:12:02Z	18	
237287785	848	6078550	true	2016-08-03T16:21:15Z	2016-08-03T16:21:15Z	1	
237304783	847	1443911	true	2016-08-03T17:20:32Z	2016-08-03T17:20:32Z	70	
237505696	851	1443911	false	2016-08-04T09:45:31Z	2016-08-04T09:45:31Z	32	
237552443	779	6170607	false	2016-08-04T13:28:15Z	2016-08-04T13:28:15Z	158	
237621630	779	579	false	2016-08-04T17:20:36Z	2016-08-04T17:20:36Z	29	
237831189	779	6170607	false	2016-08-05T11:50:04Z	2016-08-05T11:50:04Z	4	
238071790	843	390146	true	2016-08-07T09:07:16Z	2016-08-07T09:07:16Z	4	
238198615	854	3459374	true	2016-08-08T10:27:36Z	2016-08-08T10:27:36Z	2	
238263533	845	1093990	false	2016-08-08T14:56:00Z	2016-08-08T14:56:00Z	8	
238270784	853	1093990	false	2016-08-08T15:19:18Z	2016-08-08T15:19:18Z	44	
238271467	845	579	false	2016-08-08T15:21:39Z	2016-08-08T15:21:39Z	4	
238284309	852	1093990	true	2016-08-08T16:02:16Z	2016-08-08T16:02:16Z	1	
238294654	847	1443911	true	2016-08-08T16:38:49Z	2016-08-08T16:38:49Z	2	
238299920	847	156269	true	2016-08-08T16:56:54Z	2016-08-08T16:56:54Z	1	
238347978	853	390146	false	2016-08-08T19:24:16Z	2016-08-08T19:24:16Z	32	
238433506	846	1773260	false	2016-08-09T02:09:39Z	2016-08-09T02:09:39Z	15	
238435072	330	1773260	false	2016-08-09T02:21:32Z	2016-08-09T02:21:32Z	8	
238437343	843	128431	true	2016-08-09T02:39:17Z	2016-08-09T02:39:17Z	2	
238447612	847	2545261	true	2016-08-09T04:02:38Z	2016-08-09T04:02:38Z	1	
238462145	843	6078550	true	2016-08-09T06:07:03Z	2016-08-09T06:07:03Z	1	
238491034	847	7384288	true	2016-08-09T08:44:05Z	2016-08-09T08:44:05Z	11	
238495018	853	212034	false	2016-08-09T09:01:05Z	2016-08-09T09:01:05Z	40	
238499586	847	7384288	true	2016-08-09T09:21:00Z	2016-08-09T09:21:00Z	3	
238510457	854	3625244	true	2016-08-09T10:07:55Z	2016-08-09T10:07:55Z	1	
238511156	853	1443911	false	2016-08-09T10:11:19Z	2016-08-09T10:11:19Z	5	
238511688	847	1443911	true	2016-08-09T10:14:05Z	2016-08-09T10:14:05Z	3	
238515732	854	6078550	true	2016-08-09T10:34:16Z	2016-08-09T10:34:16Z	1	
238538357	821	153481	true	2016-08-09T12:31:47Z	2016-08-09T12:31:47Z	4	
238538536	841	153481	true	2016-08-09T12:32:35Z	2016-08-09T12:32:35Z	9	
238538791	845	1443911	false	2016-08-09T12:33:30Z	2016-08-09T12:33:30Z	20	
238538945	841	1443911	true	2016-08-09T12:34:13Z	2016-08-09T12:34:13Z	3	
238557022	850	20416994	false	2016-08-09T13:44:25Z	2016-08-09T13:44:25Z	20	
238772210	852	1231635	true	2016-08-10T05:51:44Z	2016-08-10T05:51:44Z	6	
238773807	779	1231635	false	2016-08-10T06:04:42Z	2016-08-10T06:04:42Z	112	
238779620	779	6078550	false	2016-08-10T06:45:12Z	2016-08-10T06:45:12Z	6	
238785652	779	6170607	false	2016-08-10T07:19:26Z	2016-08-10T07:19:26Z	13	
238789464	779	8627403	false	2016-08-10T07:39:20Z	2016-08-10T07:39:20Z	43	
238791591	779	6170607	false	2016-08-10T07:50:08Z	2016-08-10T07:50:08Z	5	
238809087	779	1231635	false	2016-08-10T09:09:00Z	2016-08-10T09:09:00Z	41	
238811363	779	6170607	false	2016-08-10T09:18:43Z	2016-08-10T09:18:43Z	88	
238944870	841	968267	true	2016-08-10T17:42:21Z	2016-08-10T17:42:21Z	3	
238987659	855	439929	true	2016-08-10T20:07:11Z	2016-08-10T20:07:11Z	1	
238988411	855	1231635	true	2016-08-10T20:10:05Z	2016-08-10T20:10:05Z	6	
239141323	841	1106394	true	2016-08-11T12:00:16Z	2016-08-11T12:00:16Z	52	
239142496	841	6078550	true	2016-08-11T12:06:01Z	2016-08-11T12:06:01Z	16	
239143147	841	1443911	true	2016-08-11T12:09:34Z	2016-08-11T12:09:34Z	15	
239149208	841	1443911	true	2016-08-11T12:40:31Z	2016-08-11T12:40:31Z	125	
239157532	841	1443911	true	2016-08-11T13:16:45Z	2016-08-11T13:16:45Z	13	
239159499	841	968267	true	2016-08-11T13:24:21Z	2016-08-11T13:24:21Z	72	
239161803	841	1106394	true	2016-08-11T13:33:42Z	2016-08-11T13:33:42Z	51	
239162680	841	1106394	true	2016-08-11T13:37:04Z	2016-08-11T13:37:04Z	103	
239192914	841	1106394	true	2016-08-11T15:16:29Z	2016-08-11T15:16:29Z	38	
239205018	841	1443911	true	2016-08-11T15:55:37Z	2016-08-11T15:55:37Z	45	
239213747	841	1106394	true	2016-08-11T16:25:32Z	2016-08-11T16:25:32Z	150	
239222585	841	1443911	true	2016-08-11T16:57:26Z	2016-08-11T16:57:26Z	130	
239224626	841	1106394	true	2016-08-11T17:04:24Z	2016-08-11T17:04:24Z	60	
239225497	841	1106394	true	2016-08-11T17:07:42Z	2016-08-11T17:07:42Z	129	
239234370	841	1443911	true	2016-08-11T17:39:18Z	2016-08-11T17:39:18Z	39	
239246154	856	5678694	true	2016-08-11T18:20:12Z	2016-08-11T18:20:12Z	3	
239258936	841	968267	true	2016-08-11T19:03:43Z	2016-08-11T19:03:43Z	25	
239302690	495	1773260	false	2016-08-11T21:44:41Z	2016-08-11T21:44:41Z	4	
239304458	841	1106394	true	2016-08-11T21:51:33Z	2016-08-11T21:51:33Z	68	
239359082	857	212034	true	2016-08-12T04:34:31Z	2016-08-12T04:34:31Z	4	
239373853	856	6078550	true	2016-08-12T06:50:32Z	2016-08-12T06:50:32Z	2	
239572643	858	739813	true	2016-08-12T22:14:34Z	2016-08-12T22:14:34Z	10	
239579559	841	1231635	true	2016-08-12T22:58:25Z	2016-08-12T22:58:25Z	85	
239604841	853	20883810	false	2016-08-13T06:10:51Z	2016-08-13T06:10:51Z	52	
239621852	841	1106394	true	2016-08-13T13:51:24Z	2016-08-13T13:51:24Z	60	
239635035	859	1773260	false	2016-08-13T18:33:22Z	2016-08-13T18:33:22Z	5	
239831336	860	1773260	true	2016-08-15T15:23:15Z	2016-08-15T15:23:15Z	3	
239832593	860	498775	true	2016-08-15T15:27:29Z	2016-08-15T15:27:29Z	1	
239834501	860	6078550	true	2016-08-15T15:33:56Z	2016-08-15T15:33:56Z	1	
240409889	859	2174968	false	2016-08-17T13:26:06Z	2016-08-17T13:26:06Z	8	
240423753	863	1443911	true	2016-08-17T14:13:05Z	2016-08-17T14:13:05Z	1	
240424424	863	1443911	true	2016-08-17T14:14:36Z	2016-08-17T14:14:36Z	12	
240456144	863	2223120	true	2016-08-17T15:50:25Z	2016-08-17T15:50:25Z	1	
240474255	857	390146	true	2016-08-17T16:50:40Z	2016-08-17T16:50:40Z	21	
240525385	857	128431	true	2016-08-17T19:46:13Z	2016-08-17T19:46:13Z	1	
240584567	686	5678694	false	2016-08-17T23:53:09Z	2016-08-17T23:53:09Z	9	
240621474	865	153481	true	2016-08-18T04:33:12Z	2016-08-18T04:33:12Z	1	
240625076	865	498775	true	2016-08-18T05:07:09Z	2016-08-18T05:07:09Z	7	
240641852	865	275871	true	2016-08-18T07:09:11Z	2016-08-18T07:09:11Z	1	
240643935	866	6078550	true	2016-08-18T07:21:08Z	2016-08-18T07:21:08Z	1	
240946144	857	6078550	true	2016-08-19T07:17:23Z	2016-08-19T07:17:23Z	1	
240951154	869	6078550	true	2016-08-19T07:45:41Z	2016-08-19T07:45:41Z	1	
240985805	867	1443911	true	2016-08-19T10:38:04Z	2016-08-19T10:38:04Z	40	
240986311	868	1443911	false	2016-08-19T10:40:57Z	2016-08-19T10:40:57Z	2	
240993146	867	6078550	true	2016-08-19T11:20:38Z	2016-08-19T11:20:38Z	13	
241018463	867	2223120	true	2016-08-19T13:29:29Z	2016-08-19T13:29:29Z	15	
241241435	870	1443911	false	2016-08-21T06:32:07Z	2016-08-21T06:32:07Z	11	
241241699	867	1443911	true	2016-08-21T06:39:42Z	2016-08-21T06:39:42Z	2	
241417081	871	1093990	false	2016-08-22T13:46:11Z	2016-08-22T13:46:11Z	17	
241417291	871	1093990	false	2016-08-22T13:46:56Z	2016-08-22T13:46:56Z	2	
241417346	868	1093990	false	2016-08-22T13:47:09Z	2016-08-22T13:47:09Z	6	
241598774	868	2512748	false	2016-08-23T01:13:37Z	2016-08-23T01:13:37Z	15	
242306838	873	6078550	true	2016-08-25T07:46:41Z	2016-08-25T07:46:41Z	4	
242311902	873	5678694	true	2016-08-25T08:11:25Z	2016-08-25T08:11:25Z	305	
242312512	873	6078550	true	2016-08-25T08:14:08Z	2016-08-25T08:14:08Z	3	
242457550	873	1443911	true	2016-08-25T16:42:17Z	2016-08-25T16:42:17Z	3	
243030330	875	153481	true	2016-08-29T04:35:18Z	2016-08-29T04:35:18Z	16	
243048135	875	1379677	true	2016-08-29T07:08:20Z	2016-08-29T07:08:20Z	28	
243057001	875	1379677	true	2016-08-29T07:56:15Z	2016-08-29T07:56:15Z	122	
243078303	875	153481	true	2016-08-29T09:33:10Z	2016-08-29T09:33:10Z	45	
243108374	875	1379677	true	2016-08-29T12:20:21Z	2016-08-29T12:20:21Z	16	
243355734	879	6316590	true	2016-08-30T07:27:15Z	2016-08-30T07:27:15Z	5	
243424468	870	1443911	false	2016-08-30T12:36:40Z	2016-08-30T12:36:40Z	22	
243449922	880	6078550	true	2016-08-30T14:05:49Z	2016-08-30T14:05:49Z	1	
243479869	880	153481	true	2016-08-30T15:31:39Z	2016-08-30T15:31:39Z	5	
243489762	880	1443911	true	2016-08-30T16:01:07Z	2016-08-30T16:01:07Z	12	
243604630	880	115237	true	2016-08-30T22:41:13Z	2016-08-30T22:41:13Z	19	
243666525	880	1443911	true	2016-08-31T06:00:02Z	2016-08-31T06:00:02Z	12	
243729949	881	1443911	true	2016-08-31T10:57:39Z	2016-08-31T10:57:39Z	18	
243734060	881	12159820	true	2016-08-31T11:18:19Z	2016-08-31T11:18:19Z	3	
243735369	881	1443911	true	2016-08-31T11:24:58Z	2016-08-31T11:24:58Z	11	
243738604	881	6078550	true	2016-08-31T11:40:42Z	2016-08-31T11:40:42Z	1	
243739013	882	1443911	true	2016-08-31T11:42:50Z	2016-08-31T11:42:50Z	28	
243739190	881	1443911	true	2016-08-31T11:43:45Z	2016-08-31T11:43:45Z	10	
243739703	882	12159820	true	2016-08-31T11:46:21Z	2016-08-31T11:46:21Z	2	
243742578	881	1443911	true	2016-08-31T12:00:26Z	2016-08-31T12:00:26Z	1	
243793748	880	1443911	true	2016-08-31T15:04:14Z	2016-08-31T15:04:14Z	25	
243835282	880	115237	true	2016-08-31T17:17:36Z	2016-08-31T17:17:36Z	42	
243857726	880	115237	true	2016-08-31T18:32:23Z	2016-08-31T18:32:23Z	7	
243857744	870	1231635	false	2016-08-31T18:32:27Z	2016-08-31T18:32:27Z	3	
243864787	884	115237	true	2016-08-31T18:56:17Z	2016-08-31T18:56:17Z	9	
243865355	884	115237	true	2016-08-31T18:58:06Z	2016-08-31T18:58:06Z	9	
243866071	884	1443911	true	2016-08-31T19:00:33Z	2016-08-31T19:00:33Z	25	
243901606	875	1379677	true	2016-08-31T21:05:47Z	2016-08-31T21:05:47Z	2	
244131128	884	115237	true	2016-09-01T16:15:35Z	2016-09-01T16:15:35Z	14	
244341133	884	1443911	true	2016-09-02T10:31:59Z	2016-09-02T10:31:59Z	11	
244884546	884	153481	true	2016-09-06T08:31:14Z	2016-09-06T08:31:14Z	26	
244898166	884	115237	true	2016-09-06T09:28:38Z	2016-09-06T09:28:38Z	9	
244898681	884	1443911	true	2016-09-06T09:30:47Z	2016-09-06T09:30:47Z	22	
244903960	884	153481	true	2016-09-06T09:53:55Z	2016-09-06T09:53:55Z	36	
244911584	884	1443911	true	2016-09-06T10:30:05Z	2016-09-06T10:30:05Z	9	
244919808	879	495647	true	2016-09-06T11:12:06Z	2016-09-06T11:12:06Z	51	
244919894	879	495647	true	2016-09-06T11:12:39Z	2016-09-06T11:12:39Z	60	
244920250	879	6078550	true	2016-09-06T11:14:32Z	2016-09-06T11:14:32Z	9	
245030607	885	579	true	2016-09-06T17:44:35Z	2016-09-06T17:44:35Z	54	
245054219	885	6078550	true	2016-09-06T19:00:03Z	2016-09-06T19:00:03Z	17	
245077542	879	79017	true	2016-09-06T20:20:13Z	2016-09-06T20:20:13Z	2	
245089870	879	6078550	true	2016-09-06T21:00:36Z	2016-09-06T21:00:36Z	11	
245119608	879	811047	true	2016-09-06T22:46:17Z	2016-09-06T22:46:17Z	16	
245121393	879	238531	true	2016-09-06T22:55:10Z	2016-09-06T22:55:10Z	10	
245129535	879	495647	true	2016-09-06T23:37:28Z	2016-09-06T23:37:28Z	33	
245130347	879	495647	true	2016-09-06T23:42:30Z	2016-09-06T23:42:30Z	1	
245134354	879	439929	true	2016-09-07T00:05:33Z	2016-09-07T00:05:33Z	24	
245154470	879	495647	true	2016-09-07T02:12:16Z	2016-09-07T02:12:16Z	7	
245212124	886	153481	true	2016-09-07T08:31:49Z	2016-09-07T08:31:49Z	1	
245372611	879	9373002	true	2016-09-07T18:24:30Z	2016-09-07T18:24:30Z	1	
245374547	887	1443911	true	2016-09-07T18:31:38Z	2016-09-07T18:31:38Z	1	
245399498	887	6078550	true	2016-09-07T20:03:42Z	2016-09-07T20:03:42Z	1	
245543562	888	10611413	true	2016-09-08T09:28:49Z	2016-09-08T09:28:49Z	17	
245744302	884	2289	true	2016-09-08T21:17:55Z	2016-09-08T21:17:55Z	37	
245744627	884	2289	true	2016-09-08T21:19:05Z	2016-09-08T21:19:05Z	22	
246463946	890	1443911	true	2016-09-12T19:31:37Z	2016-09-12T19:31:37Z	32	
246465747	890	12159820	true	2016-09-12T19:37:44Z	2016-09-12T19:37:44Z	4	
246470209	890	1443911	true	2016-09-12T19:52:40Z	2016-09-12T19:52:40Z	2	
246470357	890	6078550	true	2016-09-12T19:53:07Z	2016-09-12T19:53:07Z	1	
246475534	885	1231635	true	2016-09-12T20:10:08Z	2016-09-12T20:10:08Z	24	
246581251	890	1443911	true	2016-09-13T05:48:44Z	2016-09-13T05:48:44Z	37	
246584645	892	1443911	true	2016-09-13T06:10:32Z	2016-09-13T06:10:32Z	28	
246591237	891	6078550	false	2016-09-13T06:50:56Z	2016-09-13T06:50:56Z	4	
246591906	892	6078550	true	2016-09-13T06:55:00Z	2016-09-13T06:55:00Z	22	
246592793	893	696611	true	2016-09-13T07:00:01Z	2016-09-13T07:00:01Z	15	
246592857	893	6078550	true	2016-09-13T07:00:25Z	2016-09-13T07:00:25Z	5	
246592916	892	6078550	true	2016-09-13T07:00:42Z	2016-09-13T07:00:42Z	6	
246593350	893	696611	true	2016-09-13T07:03:06Z	2016-09-13T07:03:06Z	36	
246593749	893	6078550	true	2016-09-13T07:05:29Z	2016-09-13T07:05:29Z	10	
246638182	893	1443911	true	2016-09-13T10:18:29Z	2016-09-13T10:18:29Z	15	
246643528	893	696611	true	2016-09-13T10:44:10Z	2016-09-13T10:44:10Z	22	
246643785	893	1443911	true	2016-09-13T10:45:29Z	2016-09-13T10:45:29Z	3	
246647516	890	12159820	true	2016-09-13T11:03:26Z	2016-09-13T11:03:26Z	97	
246648234	893	1443911	true	2016-09-13T11:07:01Z	2016-09-13T11:07:01Z	1	
246651146	894	6078550	true	2016-09-13T11:21:55Z	2016-09-13T11:21:55Z	15	
246878421	868	6316590	false	2016-09-14T01:26:25Z	2016-09-14T01:26:25Z	5	
246914545	868	1443911	false	2016-09-14T06:01:50Z	2016-09-14T06:01:50Z	4	
247246989	888	10611413	true	2016-09-15T06:31:38Z	2016-09-15T06:31:38Z	14	
247321548	888	10611413	true	2016-09-15T13:02:22Z	2016-09-15T13:02:22Z	13	
247448016	895	19475195	false	2016-09-15T20:37:28Z	2016-09-15T20:37:28Z	7	
247454952	895	153481	false	2016-09-15T21:03:47Z	2016-09-15T21:03:47Z	2	
247461024	895	19475195	false	2016-09-15T21:29:58Z	2016-09-15T21:29:58Z	12	
247531758	870	1231635	false	2016-09-16T06:59:29Z	2016-09-16T06:59:29Z	7	
247534240	888	6078550	true	2016-09-16T07:16:42Z	2016-09-16T07:16:42Z	10	
247539601	870	739813	false	2016-09-16T07:49:52Z	2016-09-16T07:49:52Z	44	
247542921	896	6078550	true	2016-09-16T08:09:20Z	2016-09-16T08:09:20Z	1	
247551154	897	739813	true	2016-09-16T08:54:59Z	2016-09-16T08:54:59Z	12	
247551388	897	739813	true	2016-09-16T08:56:12Z	2016-09-16T08:56:12Z	14	
247555220	898	739813	true	2016-09-16T09:16:23Z	2016-09-16T09:16:23Z	21	
247595288	895	19475195	false	2016-09-16T13:04:36Z	2016-09-16T13:04:36Z	19	
247597497	895	19475195	false	2016-09-16T13:15:26Z	2016-09-16T13:15:26Z	8	
247659320	898	739813	true	2016-09-16T17:28:59Z	2016-09-16T17:28:59Z	17	
247764900	899	153481	false	2016-09-17T11:42:51Z	2016-09-17T11:42:51Z	3	
247805264	885	1443911	true	2016-09-17T20:20:58Z	2016-09-17T20:20:58Z	4	
247805708	885	6078550	true	2016-09-17T20:27:15Z	2016-09-17T20:27:15Z	1	
247815690	900	557961	true	2016-09-18T00:11:20Z	2016-09-18T00:11:20Z	61	
247816478	900	1716463	true	2016-09-18T00:35:43Z	2016-09-18T00:35:43Z	39	
247823626	900	3367801	true	2016-09-18T03:53:17Z	2016-09-18T03:53:17Z	8	
247838035	904	390146	true	2016-09-18T09:47:46Z	2016-09-18T09:47:46Z	13	
247847602	900	1716463	true	2016-09-18T13:25:54Z	2016-09-18T13:25:54Z	37	
248210378	888	10611413	true	2016-09-20T06:07:47Z	2016-09-20T06:07:47Z	10	
248211497	900	3367801	true	2016-09-20T06:14:33Z	2016-09-20T06:14:33Z	1	
248315065	888	718899	true	2016-09-20T14:19:08Z	2016-09-20T14:19:08Z	171	
248342355	872	2174968	false	2016-09-20T15:45:36Z	2016-09-20T15:45:36Z	9	
248500104	905	153481	true	2016-09-21T03:17:20Z	2016-09-21T03:17:20Z	1	
248829020	874	1443911	true	2016-09-22T07:10:33Z	2016-09-22T07:10:33Z	2	
248835747	907	1443911	true	2016-09-22T07:53:43Z	2016-09-22T07:53:43Z	1	
248841691	874	579	true	2016-09-22T08:28:11Z	2016-09-22T08:28:11Z	15	
248902366	907	1443911	true	2016-09-22T13:24:51Z	2016-09-22T13:24:51Z	7	
248910571	909	1443911	true	2016-09-22T13:56:27Z	2016-09-22T13:56:27Z	11	
248940192	907	6078550	true	2016-09-22T15:36:37Z	2016-09-22T15:36:37Z	1	
248951638	908	1093990	false	2016-09-22T16:15:55Z	2016-09-22T16:15:55Z	17	
249009395	909	1231635	true	2016-09-22T19:51:15Z	2016-09-22T19:51:15Z	28	
249013652	898	739813	true	2016-09-22T20:08:23Z	2016-09-22T20:08:23Z	45	
249020088	909	1443911	true	2016-09-22T20:34:48Z	2016-09-22T20:34:48Z	25	
249025357	909	1231635	true	2016-09-22T20:56:13Z	2016-09-22T20:56:13Z	36	
249092734	910	153481	true	2016-09-23T03:21:15Z	2016-09-23T03:21:15Z	17	
249119862	909	739813	true	2016-09-23T07:15:39Z	2016-09-23T07:15:39Z	35	
249120009	898	1231635	true	2016-09-23T07:16:37Z	2016-09-23T07:16:37Z	11	
249120089	909	1443911	true	2016-09-23T07:17:04Z	2016-09-23T07:17:04Z	14	
249126941	911	6078550	true	2016-09-23T07:56:32Z	2016-09-23T07:56:32Z	4	
249158953	911	677994	true	2016-09-23T10:39:14Z	2016-09-23T10:39:14Z	1	
249161388	910	1443911	true	2016-09-23T10:53:34Z	2016-09-23T10:53:34Z	10	
249199509	912	498775	true	2016-09-23T13:54:34Z	2016-09-23T13:54:34Z	10	
249199729	912	1443911	true	2016-09-23T13:55:29Z	2016-09-23T13:55:29Z	1	
249224651	913	6078550	true	2016-09-23T15:32:04Z	2016-09-23T15:32:04Z	1	
249233896	908	1981088	false	2016-09-23T16:07:19Z	2016-09-23T16:07:19Z	185	
249312721	908	1093990	false	2016-09-23T22:00:20Z	2016-09-23T22:00:20Z	52	
249313392	908	677994	false	2016-09-23T22:04:19Z	2016-09-23T22:04:19Z	14	
249349553	908	739813	false	2016-09-24T06:57:52Z	2016-09-24T06:57:52Z	37	
249350025	874	739813	true	2016-09-24T07:11:03Z	2016-09-24T07:11:03Z	53	
249351024	906	2628239	true	2016-09-24T07:37:53Z	2016-09-24T07:37:53Z	1	
249356998	916	1443911	true	2016-09-24T10:07:25Z	2016-09-24T10:07:25Z	2	
249357107	915	1443911	true	2016-09-24T10:09:55Z	2016-09-24T10:09:55Z	8	
249357457	916	3367801	true	2016-09-24T10:19:37Z	2016-09-24T10:19:37Z	1	
249367136	915	68368	true	2016-09-24T14:18:29Z	2016-09-24T14:18:29Z	12	
249367932	906	34588	true	2016-09-24T14:37:58Z	2016-09-24T14:37:58Z	3	
249368148	916	34588	true	2016-09-24T14:42:42Z	2016-09-24T14:42:42Z	3	
249401213	871	2407832	false	2016-09-25T03:56:11Z	2016-09-25T03:56:11Z	48	
249401264	918	153481	false	2016-09-25T03:58:01Z	2016-09-25T03:58:01Z	36	
249403856	916	1443911	true	2016-09-25T05:31:37Z	2016-09-25T05:31:37Z	2	
249412398	904	390146	true	2016-09-25T09:42:24Z	2016-09-25T09:42:24Z	21	
249425424	906	1716463	true	2016-09-25T14:41:09Z	2016-09-25T14:41:09Z	2	
249426168	906	3367801	true	2016-09-25T14:53:18Z	2016-09-25T14:53:18Z	2	
249447593	906	2628239	true	2016-09-25T21:24:12Z	2016-09-25T21:24:12Z	1	
249624555	920	1443911	true	2016-09-26T16:38:22Z	2016-09-26T16:38:22Z	13	
249624653	908	1981088	false	2016-09-26T16:38:44Z	2016-09-26T16:38:44Z	4	
249633943	908	1981088	false	2016-09-26T17:12:32Z	2016-09-26T17:12:32Z	16	
249639409	920	579	true	2016-09-26T17:32:51Z	2016-09-26T17:32:51Z	15	
249640751	920	1443911	true	2016-09-26T17:37:51Z	2016-09-26T17:37:51Z	7	
249663819	919	1231635	false	2016-09-26T18:57:43Z	2016-09-26T18:57:43Z	87	
249832462	915	1443911	true	2016-09-27T10:56:11Z	2016-09-27T10:56:11Z	24	
249890321	915	1443911	true	2016-09-27T14:58:02Z	2016-09-27T14:58:02Z	2	
249890635	915	1443911	true	2016-09-27T14:59:06Z	2016-09-27T14:59:06Z	3	
249892118	908	1093990	false	2016-09-27T15:03:57Z	2016-09-27T15:03:57Z	16	
249925822	919	1093990	false	2016-09-27T16:51:14Z	2016-09-27T16:51:14Z	22	
250007449	921	6078550	true	2016-09-27T21:40:49Z	2016-09-27T21:40:49Z	3	
250011090	921	1981088	true	2016-09-27T21:56:02Z	2016-09-27T21:56:02Z	1	
250035063	921	6316590	true	2016-09-28T00:09:12Z	2016-09-28T00:09:12Z	16	
250042767	925	677994	true	2016-09-28T00:55:49Z	2016-09-28T00:55:49Z	1	
250048394	927	677994	true	2016-09-28T01:32:36Z	2016-09-28T01:32:36Z	16	
250048639	927	238531	true	2016-09-28T01:34:18Z	2016-09-28T01:34:18Z	8	
250048838	927	677994	true	2016-09-28T01:35:47Z	2016-09-28T01:35:47Z	2	
250308919	901	1093990	false	2016-09-28T21:40:02Z	2016-09-28T21:40:02Z	8	
250882446	931	495647	true	2016-10-01T00:53:51Z	2016-10-01T00:53:51Z	3	
250882709	931	495647	true	2016-10-01T00:58:23Z	2016-10-01T00:58:23Z	52	
250882908	931	495647	true	2016-10-01T01:01:43Z	2016-10-01T01:01:43Z	10	
250883111	931	238531	true	2016-10-01T01:05:38Z	2016-10-01T01:05:38Z	1	
250883831	931	495647	true	2016-10-01T01:18:10Z	2016-10-01T01:18:10Z	16	
250913623	904	390146	true	2016-10-01T13:53:28Z	2016-10-01T13:53:28Z	24	
250960229	904	390146	true	2016-10-02T08:32:13Z	2016-10-02T08:32:13Z	6	
251009853	933	3367801	true	2016-10-03T01:20:43Z	2016-10-03T01:20:43Z	2	
251031098	933	12539	true	2016-10-03T05:47:38Z	2016-10-03T05:47:38Z	8	
251031635	933	3367801	true	2016-10-03T05:53:38Z	2016-10-03T05:53:38Z	2	
251051589	933	3367801	true	2016-10-03T08:24:48Z	2016-10-03T08:24:48Z	1	
251081707	904	128431	true	2016-10-03T11:13:20Z	2016-10-03T11:13:20Z	6	
251082000	904	128431	true	2016-10-03T11:15:03Z	2016-10-03T11:15:03Z	9	
251082840	904	6078550	true	2016-10-03T11:20:41Z	2016-10-03T11:20:41Z	1	
251178832	932	579	true	2016-10-03T18:02:28Z	2016-10-03T18:02:28Z	2	
251587918	934	153481	false	2016-10-05T05:51:03Z	2016-10-05T05:51:03Z	31	
251694111	935	1981088	true	2016-10-05T14:38:47Z	2016-10-05T14:38:47Z	1	
251759082	936	1981088	true	2016-10-05T18:30:06Z	2016-10-05T18:30:06Z	3	
251759235	937	1981088	true	2016-10-05T18:30:45Z	2016-10-05T18:30:45Z	4	
251760370	937	498775	true	2016-10-05T18:34:51Z	2016-10-05T18:34:51Z	3	
251783156	938	579	true	2016-10-05T20:03:32Z	2016-10-05T20:03:32Z	1	
251874507	939	153481	false	2016-10-06T06:03:06Z	2016-10-06T06:03:06Z	17	
252075106	938	718899	true	2016-10-06T20:12:46Z	2016-10-06T20:12:46Z	1	
252075361	938	439929	true	2016-10-06T20:13:55Z	2016-10-06T20:13:55Z	1	
252094263	941	1981088	true	2016-10-06T21:29:19Z	2016-10-06T21:29:19Z	3	
252322638	942	439929	false	2016-10-07T18:12:23Z	2016-10-07T18:12:23Z	14	
252333022	942	1231635	false	2016-10-07T18:55:31Z	2016-10-07T18:55:31Z	11	
252349913	940	9373002	true	2016-10-07T20:12:13Z	2016-10-07T20:12:13Z	15	
252369756	943	718899	true	2016-10-07T21:50:30Z	2016-10-07T21:50:30Z	1	
252406342	942	74390	false	2016-10-08T06:23:42Z	2016-10-08T06:23:42Z	11	
252495934	944	526114	false	2016-10-09T16:20:01Z	2016-10-09T16:20:01Z	47	
252496049	944	526114	false	2016-10-09T16:21:53Z	2016-10-09T16:21:53Z	10	
252496226	944	7525670	false	2016-10-09T16:24:54Z	2016-10-09T16:24:54Z	16	
252497725	944	526114	false	2016-10-09T16:52:03Z	2016-10-09T16:52:03Z	23	
252497980	944	604477	false	2016-10-09T16:56:44Z	2016-10-09T16:56:44Z	22	
252498450	944	498775	false	2016-10-09T17:04:27Z	2016-10-09T17:04:27Z	32	
252498544	944	390146	false	2016-10-09T17:06:25Z	2016-10-09T17:06:25Z	2	
252502917	944	604477	false	2016-10-09T18:20:12Z	2016-10-09T18:20:12Z	2	
252505781	944	498775	false	2016-10-09T19:08:55Z	2016-10-09T19:08:55Z	52	
252507515	942	1443911	false	2016-10-09T19:39:20Z	2016-10-09T19:39:20Z	8	
252534937	946	3367801	true	2016-10-10T04:00:31Z	2016-10-10T04:00:31Z	2	
252607670	947	6078550	false	2016-10-10T12:42:25Z	2016-10-10T12:42:25Z	9	
252626671	948	3367801	true	2016-10-10T13:54:29Z	2016-10-10T13:54:29Z	2	
252650795	947	1093990	false	2016-10-10T15:06:29Z	2016-10-10T15:06:29Z	11	
252664677	949	3367801	true	2016-10-10T16:00:41Z	2016-10-10T16:00:41Z	2	
252718842	901	4421720	false	2016-10-10T19:14:56Z	2016-10-10T19:14:56Z	47	
252737431	885	1231635	true	2016-10-10T20:30:06Z	2016-10-10T20:30:06Z	11	
252741292	947	604477	false	2016-10-10T20:45:59Z	2016-10-10T20:45:59Z	17	
252772320	946	3367801	true	2016-10-10T23:25:36Z	2016-10-10T23:25:36Z	2	
252821215	939	153481	false	2016-10-11T05:58:30Z	2016-10-11T05:58:30Z	174	
252821342	872	153481	false	2016-10-11T05:59:37Z	2016-10-11T05:59:37Z	6	
252822387	934	153481	false	2016-10-11T06:08:22Z	2016-10-11T06:08:22Z	42	
252842529	952	3367801	true	2016-10-11T08:12:47Z	2016-10-11T08:12:47Z	2	
252848729	953	604477	false	2016-10-11T08:41:07Z	2016-10-11T08:41:07Z	68	
252902717	953	1443911	false	2016-10-11T12:27:15Z	2016-10-11T12:27:15Z	45	
252904492	953	1443911	false	2016-10-11T12:36:11Z	2016-10-11T12:36:11Z	10	
252930187	950	15725142	false	2016-10-11T14:18:37Z	2016-10-11T14:18:37Z	18	
252957634	953	498775	false	2016-10-11T15:47:06Z	2016-10-11T15:47:06Z	87	
252960037	934	679178	false	2016-10-11T15:54:56Z	2016-10-11T15:54:56Z	78	
252967429	934	153481	false	2016-10-11T16:20:20Z	2016-10-11T16:20:20Z	87	
252968111	934	679178	false	2016-10-11T16:22:54Z	2016-10-11T16:22:54Z	55	
252970188	934	153481	false	2016-10-11T16:30:20Z	2016-10-11T16:30:20Z	13	
252972241	934	679178	false	2016-10-11T16:38:10Z	2016-10-11T16:38:10Z	39	
253031028	953	498775	false	2016-10-11T20:10:29Z	2016-10-11T20:10:29Z	28	
253114330	949	1587053	true	2016-10-12T04:09:45Z	2016-10-12T04:09:45Z	3	
253123721	954	153481	true	2016-10-12T05:35:53Z	2016-10-12T05:35:53Z	1	
253189832	940	495647	true	2016-10-12T11:36:47Z	2016-10-12T11:36:47Z	37	
253192176	953	495647	false	2016-10-12T11:48:39Z	2016-10-12T11:48:39Z	59	
253213776	953	6078550	false	2016-10-12T13:31:05Z	2016-10-12T13:31:05Z	43	
253269908	947	9373002	false	2016-10-12T16:47:15Z	2016-10-12T16:47:15Z	17	
253270369	953	9373002	false	2016-10-12T16:48:59Z	2016-10-12T16:48:59Z	37	
253270747	953	9373002	false	2016-10-12T16:50:24Z	2016-10-12T16:50:24Z	16	
253271426	947	498775	false	2016-10-12T16:52:47Z	2016-10-12T16:52:47Z	5	
253271890	953	498775	false	2016-10-12T16:54:26Z	2016-10-12T16:54:26Z	37	
253272151	947	498775	false	2016-10-12T16:55:16Z	2016-10-12T16:55:16Z	17	
253279401	956	498775	false	2016-10-12T17:22:42Z	2016-10-12T17:22:42Z	62	
253283070	953	15943089	false	2016-10-12T17:36:17Z	2016-10-12T17:36:17Z	125	
253288360	956	6366246	false	2016-10-12T17:56:05Z	2016-10-12T17:56:05Z	18	
253288869	956	498775	false	2016-10-12T17:58:01Z	2016-10-12T17:58:01Z	2	
253338431	939	579	false	2016-10-12T21:03:17Z	2016-10-12T21:03:17Z	4	
253391593	956	495647	false	2016-10-13T01:59:53Z	2016-10-13T01:59:53Z	49	
253395506	956	495647	false	2016-10-13T02:21:04Z	2016-10-13T02:21:04Z	9	
253395901	949	3367801	true	2016-10-13T02:22:47Z	2016-10-13T02:22:47Z	3	
253400814	956	6366246	false	2016-10-13T03:00:00Z	2016-10-13T03:00:00Z	72	
253425555	940	696611	true	2016-10-13T06:27:36Z	2016-10-13T06:27:36Z	15	
253430528	953	498775	false	2016-10-13T07:00:56Z	2016-10-13T07:00:56Z	65	
253435571	960	498775	true	2016-10-13T07:24:51Z	2016-10-13T07:24:51Z	1	
253435623	959	498775	true	2016-10-13T07:25:11Z	2016-10-13T07:25:11Z	7	
253435700	960	498775	true	2016-10-13T07:25:35Z	2016-10-13T07:25:35Z	12	
253576198	939	6078550	false	2016-10-13T17:09:01Z	2016-10-13T17:09:01Z	4	
253577414	939	153481	false	2016-10-13T17:13:29Z	2016-10-13T17:13:29Z	21	
253578195	939	498775	false	2016-10-13T17:16:54Z	2016-10-13T17:16:54Z	12	
253579734	939	498775	false	2016-10-13T17:23:01Z	2016-10-13T17:23:01Z	16	
253583726	958	718899	true	2016-10-13T17:38:18Z	2016-10-13T17:38:18Z	12	
253585072	957	1443911	false	2016-10-13T17:43:31Z	2016-10-13T17:43:31Z	16	
253609757	958	498775	true	2016-10-13T19:11:38Z	2016-10-13T19:11:38Z	3	
253610560	958	2725611	true	2016-10-13T19:14:54Z	2016-10-13T19:14:54Z	2	
253622552	203	2725611	false	2016-10-13T20:01:26Z	2016-10-13T20:01:26Z	16	
253627300	958	718899	true	2016-10-13T20:20:23Z	2016-10-13T20:20:23Z	32	
253635595	948	1716463	true	2016-10-13T20:53:38Z	2016-10-13T20:53:38Z	3	
253641681	940	9373002	true	2016-10-13T21:18:03Z	2016-10-13T21:18:03Z	52	
253660208	957	11139560	false	2016-10-13T22:43:52Z	2016-10-13T22:43:52Z	6	
253702154	203	8523131	false	2016-10-14T03:40:42Z	2016-10-14T03:40:42Z	6	
253725793	961	2725611	true	2016-10-14T07:09:12Z	2016-10-14T07:09:12Z	2	
253771079	223	1824298	false	2016-10-14T11:02:08Z	2016-10-14T11:02:08Z	12	
253792987	939	390146	false	2016-10-14T13:01:28Z	2016-10-14T13:01:28Z	7	
253855965	962	2725611	false	2016-10-14T16:46:47Z	2016-10-14T16:46:47Z	24	
253856462	962	5678694	false	2016-10-14T16:48:47Z	2016-10-14T16:48:47Z	29	
253883624	947	1093990	false	2016-10-14T18:28:08Z	2016-10-14T18:28:08Z	22	
253883663	874	2725611	true	2016-10-14T18:28:18Z	2016-10-14T18:28:18Z	4	
253887984	955	1231635	false	2016-10-14T18:46:01Z	2016-10-14T18:46:01Z	8	
253898361	963	1443911	true	2016-10-14T19:27:36Z	2016-10-14T19:27:36Z	9	
253898970	963	2725611	true	2016-10-14T19:30:43Z	2016-10-14T19:30:43Z	24	
253900491	963	1443911	true	2016-10-14T19:38:21Z	2016-10-14T19:38:21Z	31	
253901582	963	1335684	true	2016-10-14T19:43:43Z	2016-10-14T19:43:43Z	32	
253902151	963	2725611	true	2016-10-14T19:46:20Z	2016-10-14T19:46:20Z	19	
253965741	958	153481	true	2016-10-15T06:14:40Z	2016-10-15T06:14:40Z	1	
253965873	940	153481	true	2016-10-15T06:18:35Z	2016-10-15T06:18:35Z	4	
253973810	950	15725142	false	2016-10-15T09:44:25Z	2016-10-15T09:44:25Z	17	
253978461	950	527631	false	2016-10-15T11:24:36Z	2016-10-15T11:24:36Z	31	
253993672	969	677994	false	2016-10-15T16:11:40Z	2016-10-15T16:11:40Z	2	
253998802	939	7384288	false	2016-10-15T17:36:31Z	2016-10-15T17:36:31Z	1	
254010482	968	6078550	false	2016-10-15T20:54:04Z	2016-10-15T20:54:04Z	2	
254011907	968	176984	false	2016-10-15T21:21:36Z	2016-10-15T21:21:36Z	4	
254012987	969	1231635	false	2016-10-15T21:44:38Z	2016-10-15T21:44:38Z	17	
254041557	939	390146	false	2016-10-16T11:32:27Z	2016-10-16T11:32:27Z	51	
254045219	939	6078550	false	2016-10-16T12:52:54Z	2016-10-16T12:52:54Z	33	
254045386	939	2725611	false	2016-10-16T12:56:53Z	2016-10-16T12:56:53Z	33	
254045444	939	6078550	false	2016-10-16T12:58:26Z	2016-10-16T12:58:26Z	34	
254045585	939	2725611	false	2016-10-16T13:01:56Z	2016-10-16T13:01:56Z	13	
254048898	947	604477	false	2016-10-16T14:05:06Z	2016-10-16T14:05:06Z	20	
254049806	934	1231635	false	2016-10-16T14:22:22Z	2016-10-16T14:22:22Z	22	
254049879	934	6078550	false	2016-10-16T14:23:47Z	2016-10-16T14:23:47Z	6	
254050044	934	1231635	false	2016-10-16T14:26:47Z	2016-10-16T14:26:47Z	22	
254054816	968	176984	false	2016-10-16T15:51:28Z	2016-10-16T15:51:28Z	6	
254055055	968	2725611	false	2016-10-16T15:55:24Z	2016-10-16T15:55:24Z	16	
254055457	970	1231635	true	2016-10-16T16:01:44Z	2016-10-16T16:01:44Z	24	
254059213	939	390146	false	2016-10-16T17:03:29Z	2016-10-16T17:03:29Z	9	
254063875	970	1443911	true	2016-10-16T18:18:25Z	2016-10-16T18:18:25Z	7	
254066142	939	1231635	false	2016-10-16T18:54:47Z	2016-10-16T18:54:47Z	128	
254074360	939	153481	false	2016-10-16T20:58:41Z	2016-10-16T20:58:41Z	32	
254074534	970	153481	true	2016-10-16T21:01:24Z	2016-10-16T21:01:24Z	12	
254173360	972	1231635	false	2016-10-17T10:40:55Z	2016-10-17T10:40:55Z	35	
254284775	974	153481	true	2016-10-17T18:02:17Z	2016-10-17T18:02:17Z	4	
254286629	974	176984	true	2016-10-17T18:09:10Z	2016-10-17T18:09:10Z	28	
254312518	934	1231635	false	2016-10-17T19:45:40Z	2016-10-17T19:45:40Z	27	
254313129	942	1231635	false	2016-10-17T19:48:02Z	2016-10-17T19:48:02Z	14	
254313499	955	1231635	false	2016-10-17T19:49:37Z	2016-10-17T19:49:37Z	10	
254314413	600	2725611	false	2016-10-17T19:53:11Z	2016-10-17T19:53:11Z	12	
254315506	971	12543047	true	2016-10-17T19:57:24Z	2016-10-17T19:57:24Z	55	
254320904	934	1443911	false	2016-10-17T20:17:26Z	2016-10-17T20:17:26Z	36	
254321840	934	679178	false	2016-10-17T20:20:57Z	2016-10-17T20:20:57Z	59	
254344676	942	579	false	2016-10-17T21:48:41Z	2016-10-17T21:48:41Z	13	
254457295	974	7408689	true	2016-10-18T09:37:18Z	2016-10-18T09:37:18Z	18	
254458448	950	15725142	false	2016-10-18T09:42:11Z	2016-10-18T09:42:11Z	10	
254459148	950	15725142	false	2016-10-18T09:44:58Z	2016-10-18T09:44:58Z	20	
254469553	974	176984	true	2016-10-18T10:32:50Z	2016-10-18T10:32:50Z	25	
254583695	976	1231635	true	2016-10-18T17:42:40Z	2016-10-18T17:42:40Z	9	
254585524	979	502396	true	2016-10-18T17:49:23Z	2016-10-18T17:49:23Z	7	
254593092	973	498775	true	2016-10-18T18:16:14Z	2016-10-18T18:16:14Z	38	
254593209	973	498775	true	2016-10-18T18:16:40Z	2016-10-18T18:16:40Z	32	
254594899	973	495647	true	2016-10-18T18:22:34Z	2016-10-18T18:22:34Z	44	
254595192	973	1231635	true	2016-10-18T18:23:33Z	2016-10-18T18:23:33Z	47	
254595869	973	498775	true	2016-10-18T18:25:36Z	2016-10-18T18:25:36Z	29	
254596695	981	579	false	2016-10-18T18:28:21Z	2016-10-18T18:28:21Z	11	
254596961	973	1443911	true	2016-10-18T18:29:21Z	2016-10-18T18:29:21Z	14	
254597531	981	498775	false	2016-10-18T18:31:14Z	2016-10-18T18:31:14Z	8	
254598221	981	579	false	2016-10-18T18:33:34Z	2016-10-18T18:33:34Z	23	
254598910	981	498775	false	2016-10-18T18:35:49Z	2016-10-18T18:35:49Z	110	
254599192	981	579	false	2016-10-18T18:36:46Z	2016-10-18T18:36:46Z	2	
254599763	973	1443911	true	2016-10-18T18:38:50Z	2016-10-18T18:38:50Z	6	
254601759	973	1231635	true	2016-10-18T18:45:54Z	2016-10-18T18:45:54Z	30	
254603325	919	1231635	false	2016-10-18T18:51:42Z	2016-10-18T18:51:42Z	8	
254604770	868	1231635	false	2016-10-18T18:56:51Z	2016-10-18T18:56:51Z	13	
254605278	779	1231635	false	2016-10-18T18:58:34Z	2016-10-18T18:58:34Z	4	
254607093	779	2725611	false	2016-10-18T19:04:58Z	2016-10-18T19:04:58Z	18	
254608840	973	176984	true	2016-10-18T19:11:41Z	2016-10-18T19:11:41Z	4	
254611152	953	1231635	false	2016-10-18T19:20:26Z	2016-10-18T19:20:26Z	14	
254615724	983	679178	true	2016-10-18T19:37:26Z	2016-10-18T19:37:26Z	1	
254616168	983	1231635	true	2016-10-18T19:39:03Z	2016-10-18T19:39:03Z	7	
254617602	982	498775	false	2016-10-18T19:44:24Z	2016-10-18T19:44:24Z	251	
254625650	985	1231635	false	2016-10-18T20:14:06Z	2016-10-18T20:14:06Z	23	
254627999	985	579	false	2016-10-18T20:23:10Z	2016-10-18T20:23:10Z	48	
254631208	982	1231635	false	2016-10-18T20:34:54Z	2016-10-18T20:34:54Z	47	
254634601	982	604477	false	2016-10-18T20:47:30Z	2016-10-18T20:47:30Z	55	
254673118	982	15943089	false	2016-10-18T23:58:19Z	2016-10-18T23:58:19Z	31	
254715460	985	153481	false	2016-10-19T05:40:46Z	2016-10-19T05:40:46Z	26	
254820649	982	9373002	false	2016-10-19T13:58:25Z	2016-10-19T13:58:25Z	83	
254824077	982	498775	false	2016-10-19T14:10:15Z	2016-10-19T14:10:15Z	147	
254824675	982	15943089	false	2016-10-19T14:12:07Z	2016-10-19T14:12:07Z	20	
254825850	982	498775	false	2016-10-19T14:15:52Z	2016-10-19T14:15:52Z	78	
254851139	982	9373002	false	2016-10-19T15:37:11Z	2016-10-19T15:37:11Z	11	
254868637	971	153481	true	2016-10-19T16:36:01Z	2016-10-19T16:36:01Z	28	
254909155	982	1231635	false	2016-10-19T19:01:24Z	2016-10-19T19:01:24Z	14	
254909680	982	498775	false	2016-10-19T19:03:34Z	2016-10-19T19:03:34Z	77	
254920712	779	6170607	false	2016-10-19T19:48:30Z	2016-10-19T19:48:30Z	30	
254981185	779	502396	false	2016-10-20T00:49:53Z	2016-10-20T00:49:53Z	22	
255162489	987	10393198	false	2016-10-20T16:48:51Z	2016-10-20T16:48:51Z	40	
255163244	987	1448616	false	2016-10-20T16:51:52Z	2016-10-20T16:51:52Z	7	
255165601	987	10393198	false	2016-10-20T17:00:55Z	2016-10-20T17:00:55Z	26	
255182040	988	2725611	true	2016-10-20T18:03:57Z	2016-10-20T18:03:57Z	17	
255182219	971	12543047	true	2016-10-20T18:04:33Z	2016-10-20T18:04:33Z	23	
255191008	988	1443911	true	2016-10-20T18:37:04Z	2016-10-20T18:37:04Z	2	
255283406	982	631240	false	2016-10-21T03:11:12Z	2016-10-21T03:11:12Z	8	
255462835	982	9373002	false	2016-10-21T20:55:08Z	2016-10-21T20:55:08Z	17	
255567080	955	13971761	false	2016-10-23T03:14:53Z	2016-10-23T03:14:53Z	182	
255568016	963	1587053	true	2016-10-23T03:48:43Z	2016-10-23T03:48:43Z	48	
255568529	948	1587053	true	2016-10-23T04:07:45Z	2016-10-23T04:07:45Z	1	
255568585	948	1587053	true	2016-10-23T04:09:49Z	2016-10-23T04:09:49Z	3	
255570617	972	1587053	false	2016-10-23T05:28:58Z	2016-10-23T05:28:58Z	80	
255576048	963	2725611	true	2016-10-23T08:34:56Z	2016-10-23T08:34:56Z	17	
255576716	932	1443911	true	2016-10-23T08:52:19Z	2016-10-23T08:52:19Z	20	
255576977	955	2725611	false	2016-10-23T08:59:03Z	2016-10-23T08:59:03Z	22	
255577884	963	1587053	true	2016-10-23T09:24:15Z	2016-10-23T09:24:15Z	20	
255583381	989	153481	true	2016-10-23T11:28:11Z	2016-10-23T11:28:11Z	1	
255598344	955	13971761	false	2016-10-23T16:32:14Z	2016-10-23T16:32:14Z	32	
255598406	955	13971761	false	2016-10-23T16:33:30Z	2016-10-23T16:33:30Z	21	
255611917	955	5363259	false	2016-10-23T20:23:26Z	2016-10-23T20:23:26Z	109	
255614548	990	1443911	true	2016-10-23T21:08:28Z	2016-10-23T21:08:28Z	5	
255631380	963	767105	true	2016-10-24T01:48:56Z	2016-10-24T01:48:56Z	38	
255738308	991	498775	true	2016-10-24T13:20:55Z	2016-10-24T13:20:55Z	18	
255738883	991	1443911	true	2016-10-24T13:23:20Z	2016-10-24T13:23:20Z	7	
255813101	990	498775	true	2016-10-24T17:46:45Z	2016-10-24T17:46:45Z	13	
255855177	990	1231635	true	2016-10-24T20:24:36Z	2016-10-24T20:24:36Z	62	
255858670	990	767105	true	2016-10-24T20:37:13Z	2016-10-24T20:37:13Z	14	
255859100	990	1231635	true	2016-10-24T20:38:46Z	2016-10-24T20:38:46Z	26	
255862180	990	1443911	true	2016-10-24T20:50:48Z	2016-10-24T20:50:48Z	15	
255865179	990	498775	true	2016-10-24T21:02:33Z	2016-10-24T21:02:33Z	11	
255869281	990	1231635	true	2016-10-24T21:19:19Z	2016-10-24T21:19:19Z	26	
255870601	990	1231635	true	2016-10-24T21:24:40Z	2016-10-24T21:24:40Z	66	
255954922	990	1231635	true	2016-10-25T07:10:38Z	2016-10-25T07:10:38Z	101	
255956169	950	15725142	false	2016-10-25T07:17:20Z	2016-10-25T07:17:20Z	18	
255960975	992	1231635	true	2016-10-25T07:43:04Z	2016-10-25T07:43:04Z	46	
256032630	992	498775	true	2016-10-25T13:22:03Z	2016-10-25T13:22:03Z	14	
256046852	992	439929	true	2016-10-25T14:14:51Z	2016-10-25T14:14:51Z	1	
256048716	993	498775	true	2016-10-25T14:21:18Z	2016-10-25T14:21:18Z	1	
256049130	993	439929	true	2016-10-25T14:22:50Z	2016-10-25T14:22:50Z	1	
256049369	992	498775	true	2016-10-25T14:23:42Z	2016-10-25T14:23:42Z	3	
256193820	994	498775	true	2016-10-25T22:17:05Z	2016-10-25T22:17:05Z	1	
256679187	940	9373002	true	2016-10-27T15:37:47Z	2016-10-27T15:37:47Z	29	
256686657	940	498775	true	2016-10-27T15:53:53Z	2016-10-27T15:53:53Z	7	
256711407	997	1335684	true	2016-10-27T17:20:08Z	2016-10-27T17:20:08Z	49	
256713961	997	244683	true	2016-10-27T17:28:04Z	2016-10-27T17:28:04Z	10	
256717063	997	1335684	true	2016-10-27T17:40:16Z	2016-10-27T17:40:16Z	26	
256717779	997	244683	true	2016-10-27T17:42:54Z	2016-10-27T17:42:54Z	8	
256719593	997	1335684	true	2016-10-27T17:49:51Z	2016-10-27T17:49:51Z	3	
256754532	998	1443911	true	2016-10-27T20:08:09Z	2016-10-27T20:08:09Z	32	
256775516	940	9373002	true	2016-10-27T21:29:52Z	2016-10-27T21:29:52Z	2	
256840033	950	5035902	false	2016-10-28T05:33:23Z	2016-10-28T05:33:23Z	2	
256844068	999	5035902	true	2016-10-28T06:11:01Z	2016-10-28T06:11:01Z	7	
257009256	999	1773260	true	2016-10-28T19:35:59Z	2016-10-28T19:35:59Z	1	
257013750	963	2725611	true	2016-10-28T19:57:09Z	2016-10-28T19:57:09Z	16	
257069304	998	1335684	true	2016-10-29T04:00:32Z	2016-10-29T04:00:32Z	24	
257074931	998	1443911	true	2016-10-29T06:42:49Z	2016-10-29T06:42:49Z	44	
257096899	947	604477	false	2016-10-29T15:11:41Z	2016-10-29T15:11:41Z	54	
257153839	1001	390146	true	2016-10-30T14:21:20Z	2016-10-30T14:21:20Z	3	
257184051	1002	495647	true	2016-10-30T22:23:16Z	2016-10-30T22:23:16Z	1	
257196089	1001	128431	true	2016-10-31T01:29:53Z	2016-10-31T01:29:53Z	1	
257218907	1002	1443911	true	2016-10-31T05:53:43Z	2016-10-31T05:53:43Z	13	
257229428	1002	153481	true	2016-10-31T07:30:53Z	2016-10-31T07:30:53Z	6	
257381361	998	244683	true	2016-10-31T18:37:52Z	2016-10-31T18:37:52Z	12	
257617717	1003	7656167	true	2016-11-01T16:39:00Z	2016-11-01T16:39:00Z	3	
257644343	1004	579	false	2016-11-01T18:06:18Z	2016-11-01T18:06:18Z	48	
257730476	1006	739813	true	2016-11-01T23:32:30Z	2016-11-01T23:32:30Z	2	
257761883	1004	767105	false	2016-11-02T03:21:52Z	2016-11-02T03:21:52Z	28	
257788784	1007	1443911	true	2016-11-02T07:09:41Z	2016-11-02T07:09:41Z	54	
257871918	1007	767105	true	2016-11-02T13:58:50Z	2016-11-02T13:58:50Z	155	
257878788	1006	767105	true	2016-11-02T14:22:11Z	2016-11-02T14:22:11Z	1	
257878918	1007	1443911	true	2016-11-02T14:22:37Z	2016-11-02T14:22:37Z	70	
257882082	1007	767105	true	2016-11-02T14:32:50Z	2016-11-02T14:32:50Z	32	
257885508	1007	1443911	true	2016-11-02T14:43:52Z	2016-11-02T14:43:52Z	43	
257887368	1008	767105	true	2016-11-02T14:49:56Z	2016-11-02T14:49:56Z	2	
257952117	1008	1981088	true	2016-11-02T18:13:17Z	2016-11-02T18:13:17Z	43	
257953541	1008	767105	true	2016-11-02T18:17:46Z	2016-11-02T18:17:46Z	18	
257989161	947	1231635	false	2016-11-02T20:30:06Z	2016-11-02T20:30:06Z	97	
257989767	985	2725611	false	2016-11-02T20:32:18Z	2016-11-02T20:32:18Z	16	
258023102	1008	579	true	2016-11-02T22:48:26Z	2016-11-02T22:48:26Z	19	
258035193	1005	767105	false	2016-11-02T23:57:58Z	2016-11-02T23:57:58Z	7	
258035269	1004	767105	false	2016-11-02T23:58:33Z	2016-11-02T23:58:33Z	13	
258036034	972	767105	false	2016-11-03T00:03:33Z	2016-11-03T00:03:33Z	86	
258136038	1007	12159820	true	2016-11-03T13:03:08Z	2016-11-03T13:03:08Z	48	
258144052	1007	767105	true	2016-11-03T13:37:48Z	2016-11-03T13:37:48Z	74	
258144401	1007	1443911	true	2016-11-03T13:39:11Z	2016-11-03T13:39:11Z	13	
258145629	1007	767105	true	2016-11-03T13:44:15Z	2016-11-03T13:44:15Z	9	
258146077	1007	1443911	true	2016-11-03T13:45:48Z	2016-11-03T13:45:48Z	6	
258146414	1007	767105	true	2016-11-03T13:47:06Z	2016-11-03T13:47:06Z	17	
258146473	1007	1443911	true	2016-11-03T13:47:21Z	2016-11-03T13:47:21Z	1	
258146748	1007	767105	true	2016-11-03T13:48:24Z	2016-11-03T13:48:24Z	19	
258147282	1007	1443911	true	2016-11-03T13:50:20Z	2016-11-03T13:50:20Z	19	
258147904	1007	767105	true	2016-11-03T13:52:33Z	2016-11-03T13:52:33Z	63	
258148037	1007	1443911	true	2016-11-03T13:53:05Z	2016-11-03T13:53:05Z	4	
258148571	1007	1443911	true	2016-11-03T13:54:58Z	2016-11-03T13:54:58Z	2	
258186808	1007	767105	true	2016-11-03T15:59:47Z	2016-11-03T15:59:47Z	8	
258353021	1009	739813	true	2016-11-04T06:17:03Z	2016-11-04T06:17:03Z	14	
258355060	1009	739813	true	2016-11-04T06:36:40Z	2016-11-04T06:36:40Z	81	
258358102	1010	739813	false	2016-11-04T07:02:03Z	2016-11-04T07:02:03Z	42	
258358592	1010	739813	false	2016-11-04T07:05:55Z	2016-11-04T07:05:55Z	15	
258443530	1009	4421720	true	2016-11-04T14:19:33Z	2016-11-04T14:19:33Z	45	
258447124	1009	767105	true	2016-11-04T14:32:56Z	2016-11-04T14:32:56Z	24	
258478817	1009	739813	true	2016-11-04T16:24:55Z	2016-11-04T16:24:55Z	97	
258510392	1011	1773260	true	2016-11-04T18:23:06Z	2016-11-04T18:23:06Z	2	
258520766	1011	718899	true	2016-11-04T19:04:20Z	2016-11-04T19:04:20Z	10	
258572892	1010	767105	false	2016-11-04T23:36:20Z	2016-11-04T23:36:20Z	23	
258582804	1011	5035902	true	2016-11-05T01:35:15Z	2016-11-05T01:35:15Z	7	
258708002	1010	739813	false	2016-11-06T20:27:14Z	2016-11-06T20:27:14Z	28	
258710062	1010	767105	false	2016-11-06T20:58:01Z	2016-11-06T20:58:01Z	4	
258710354	1012	767105	true	2016-11-06T21:01:51Z	2016-11-06T21:01:51Z	31	
258713124	1012	767105	true	2016-11-06T21:43:45Z	2016-11-06T21:43:45Z	27	
258859594	990	1093990	true	2016-11-07T15:05:12Z	2016-11-07T15:05:12Z	28	
259217115	919	1093990	false	2016-11-08T18:23:17Z	2016-11-08T18:23:17Z	12	
259266009	874	579	true	2016-11-08T21:31:50Z	2016-11-08T21:31:50Z	16	
259332817	1015	390146	false	2016-11-09T04:42:45Z	2016-11-09T04:42:45Z	13	
259522620	1015	9373002	false	2016-11-09T20:49:23Z	2016-11-09T20:49:23Z	6	
259523790	1015	9373002	false	2016-11-09T20:54:17Z	2016-11-09T20:54:17Z	77	
259565446	1019	767105	false	2016-11-10T00:21:12Z	2016-11-10T00:21:12Z	100	
259565833	1019	767105	false	2016-11-10T00:22:54Z	2016-11-10T00:22:54Z	16	
259701119	1019	9373002	false	2016-11-10T14:19:19Z	2016-11-10T14:19:19Z	85	
259715068	1019	153481	false	2016-11-10T15:12:44Z	2016-11-10T15:12:44Z	11	
259777176	1019	767105	false	2016-11-10T19:02:22Z	2016-11-10T19:02:22Z	9	
259780972	1019	767105	false	2016-11-10T19:17:12Z	2016-11-10T19:17:12Z	48	
259823022	1019	767105	false	2016-11-10T22:12:37Z	2016-11-10T22:12:37Z	17	
259925920	1015	5035902	false	2016-11-11T10:15:17Z	2016-11-11T10:15:17Z	2	
259955022	1021	7135896	true	2016-11-11T13:16:14Z	2016-11-11T13:16:14Z	2	
260025850	1021	1773260	true	2016-11-11T18:43:27Z	2016-11-11T18:43:27Z	2	
260056172	1012	767105	true	2016-11-11T21:09:39Z	2016-11-11T21:09:39Z	18	
260077913	1021	5035902	true	2016-11-11T23:17:43Z	2016-11-11T23:17:43Z	5	
260355851	1022	767105	true	2016-11-14T14:55:12Z	2016-11-14T14:55:12Z	6	
260356547	1020	767105	true	2016-11-14T14:57:42Z	2016-11-14T14:57:42Z	18	
260366569	1022	410211	true	2016-11-14T15:30:17Z	2016-11-14T15:30:17Z	4	
260367844	1022	410211	true	2016-11-14T15:34:24Z	2016-11-14T15:34:24Z	30	
260402519	1022	767105	true	2016-11-14T17:30:58Z	2016-11-14T17:30:58Z	11	
260418398	1022	390146	true	2016-11-14T18:26:23Z	2016-11-14T18:26:23Z	13	
260504169	948	1587053	true	2016-11-15T00:02:29Z	2016-11-15T00:02:29Z	3	
260509462	948	2628239	true	2016-11-15T00:32:09Z	2016-11-15T00:32:09Z	2	
260523240	948	1587053	true	2016-11-15T01:51:07Z	2016-11-15T01:51:07Z	4	
260580924	1022	3625244	true	2016-11-15T08:42:44Z	2016-11-15T08:42:44Z	15	
260661371	1022	767105	true	2016-11-15T14:51:35Z	2016-11-15T14:51:35Z	5	
260841097	1020	739813	true	2016-11-16T03:06:53Z	2016-11-16T03:06:53Z	2	
261187530	1026	153481	false	2016-11-17T08:40:43Z	2016-11-17T08:40:43Z	15	
261272385	1023	15725142	false	2016-11-17T15:12:15Z	2016-11-17T15:12:15Z	15	
261672989	1027	739813	true	2016-11-18T23:56:55Z	2016-11-18T23:56:55Z	6	
262005044	1025	1093990	false	2016-11-21T17:20:20Z	2016-11-21T17:20:20Z	17	
262005191	985	1093990	false	2016-11-21T17:20:52Z	2016-11-21T17:20:52Z	10	
262069530	1027	4421720	true	2016-11-21T21:16:06Z	2016-11-21T21:16:06Z	20	
262113185	1027	739813	true	2016-11-22T00:40:30Z	2016-11-22T00:40:30Z	28	
262136500	1027	4421720	true	2016-11-22T03:15:18Z	2016-11-22T03:15:18Z	30	
262545491	1023	15725142	false	2016-11-23T15:26:22Z	2016-11-23T15:26:22Z	32	
262796849	1029	7135896	true	2016-11-24T15:09:25Z	2016-11-24T15:09:25Z	2	
263186335	1032	390146	true	2016-11-28T05:26:48Z	2016-11-28T05:26:48Z	1	
263199243	1032	390146	true	2016-11-28T07:15:34Z	2016-11-28T07:15:34Z	6	
263280664	1035	2725611	true	2016-11-28T14:12:41Z	2016-11-28T14:12:41Z	18	
263285048	1035	1335684	true	2016-11-28T14:30:58Z	2016-11-28T14:30:58Z	43	
263296411	1035	1443911	true	2016-11-28T15:13:50Z	2016-11-28T15:13:50Z	42	
263297535	1034	390146	true	2016-11-28T15:17:48Z	2016-11-28T15:17:48Z	1	
263299638	1034	329957	true	2016-11-28T15:25:31Z	2016-11-28T15:25:31Z	2	
263374505	1030	15725142	false	2016-11-28T19:49:10Z	2016-11-28T19:49:10Z	19	
263442716	1035	948922	true	2016-11-29T00:49:40Z	2016-11-29T00:49:40Z	37	
263620736	1031	767105	false	2016-11-29T16:29:20Z	2016-11-29T16:29:20Z	74	
263635765	998	1335684	true	2016-11-29T17:18:24Z	2016-11-29T17:18:24Z	27	
263639789	998	1443911	true	2016-11-29T17:32:56Z	2016-11-29T17:32:56Z	18	
263898023	1030	15725142	false	2016-11-30T15:13:11Z	2016-11-30T15:13:11Z	13	
264003481	1035	1189785	true	2016-11-30T21:37:46Z	2016-11-30T21:37:46Z	36	
264036430	1035	948922	true	2016-12-01T00:01:25Z	2016-12-01T00:01:25Z	5	
264114122	1037	153481	true	2016-12-01T08:47:10Z	2016-12-01T08:47:10Z	8	
264279862	1038	815988	true	2016-12-01T20:07:04Z	2016-12-01T20:07:04Z	1	
264321519	1039	390146	false	2016-12-01T22:56:29Z	2016-12-01T22:56:29Z	21	
264452494	1040	718899	true	2016-12-02T13:21:40Z	2016-12-02T13:21:40Z	11	
264465588	1041	1443911	true	2016-12-02T14:27:40Z	2016-12-02T14:27:40Z	2	
264475141	1039	1443911	false	2016-12-02T15:08:06Z	2016-12-02T15:08:06Z	8	
264556581	1041	23459465	true	2016-12-02T20:37:52Z	2016-12-02T20:37:52Z	7	
264576225	1041	23459465	true	2016-12-02T22:10:55Z	2016-12-02T22:10:55Z	174	
264595006	1035	1189785	true	2016-12-03T00:00:10Z	2016-12-03T00:00:10Z	8	
264596746	1035	948922	true	2016-12-03T00:13:53Z	2016-12-03T00:13:53Z	1	
264621249	1041	1443911	true	2016-12-03T06:36:27Z	2016-12-03T06:36:27Z	5	
264687680	1046	153481	true	2016-12-04T06:42:01Z	2016-12-04T06:42:01Z	12	
264688854	884	115237	true	2016-12-04T07:21:44Z	2016-12-04T07:21:44Z	24	
264692582	1046	10234615	true	2016-12-04T09:09:20Z	2016-12-04T09:09:20Z	2	
264692710	1046	10234615	true	2016-12-04T09:12:14Z	2016-12-04T09:12:14Z	11	
264700130	1046	1443911	true	2016-12-04T12:08:05Z	2016-12-04T12:08:05Z	16	
264700243	1046	1443911	true	2016-12-04T12:10:26Z	2016-12-04T12:10:26Z	22	
264701901	1046	10234615	true	2016-12-04T12:45:48Z	2016-12-04T12:45:48Z	6	
264705386	1046	153481	true	2016-12-04T13:56:42Z	2016-12-04T13:56:42Z	5	
264705408	1049	153481	true	2016-12-04T13:57:08Z	2016-12-04T13:57:08Z	3	
264705411	1050	153481	true	2016-12-04T13:57:16Z	2016-12-04T13:57:16Z	3	
264705428	1045	153481	false	2016-12-04T13:57:38Z	2016-12-04T13:57:38Z	2	
264711503	1046	10234615	true	2016-12-04T15:51:15Z	2016-12-04T15:51:15Z	2	
264724008	1025	767105	false	2016-12-04T19:14:43Z	2016-12-04T19:14:43Z	7	
264924100	1039	1093990	false	2016-12-05T17:48:39Z	2016-12-05T17:48:39Z	12	
264925038	1039	1443911	false	2016-12-05T17:51:58Z	2016-12-05T17:51:58Z	7	
264931290	1031	579	false	2016-12-05T18:14:38Z	2016-12-05T18:14:38Z	34	
264983871	1031	1189785	false	2016-12-05T21:32:40Z	2016-12-05T21:32:40Z	35	
264989091	1041	1443911	true	2016-12-05T21:52:03Z	2016-12-05T21:52:03Z	11	
264991472	1052	1443911	false	2016-12-05T21:59:57Z	2016-12-05T21:59:57Z	14	
265087237	1052	1443911	false	2016-12-06T08:12:20Z	2016-12-06T08:12:20Z	16	
265151459	1030	15725142	false	2016-12-06T13:38:49Z	2016-12-06T13:38:49Z	16	
265166206	1053	1443911	true	2016-12-06T14:41:02Z	2016-12-06T14:41:02Z	9	
265168157	1053	1189785	true	2016-12-06T14:48:27Z	2016-12-06T14:48:27Z	9	
265168396	1053	1443911	true	2016-12-06T14:49:21Z	2016-12-06T14:49:21Z	1	
265169877	1053	1443911	true	2016-12-06T14:54:50Z	2016-12-06T14:54:50Z	12	
265171809	1053	1189785	true	2016-12-06T15:01:56Z	2016-12-06T15:01:56Z	24	
265172364	1053	1443911	true	2016-12-06T15:04:01Z	2016-12-06T15:04:01Z	15	
265177203	1053	1189785	true	2016-12-06T15:21:46Z	2016-12-06T15:21:46Z	15	
265186313	1053	1443911	true	2016-12-06T15:52:26Z	2016-12-06T15:52:26Z	3	
265198665	1053	390146	true	2016-12-06T16:34:05Z	2016-12-06T16:34:05Z	1	
265267422	1056	498775	true	2016-12-06T20:47:28Z	2016-12-06T20:47:28Z	2	
265587514	932	1335684	true	2016-12-07T22:02:49Z	2016-12-07T22:02:49Z	19	
265667827	932	1443911	true	2016-12-08T06:59:15Z	2016-12-08T06:59:15Z	2	
265668181	948	1587053	true	2016-12-08T07:01:54Z	2016-12-08T07:01:54Z	15	
265719369	948	34588	true	2016-12-08T11:32:12Z	2016-12-08T11:32:12Z	1	
265729706	948	2628239	true	2016-12-08T12:33:11Z	2016-12-08T12:33:11Z	1	
265736642	948	1716463	true	2016-12-08T13:12:50Z	2016-12-08T13:12:50Z	9	
265760797	1059	153481	false	2016-12-08T15:00:42Z	2016-12-08T15:00:42Z	17	
265764110	1059	498775	false	2016-12-08T15:13:47Z	2016-12-08T15:13:47Z	77	
265766657	1059	115237	false	2016-12-08T15:23:39Z	2016-12-08T15:23:39Z	2	
265800160	1059	9373002	false	2016-12-08T17:25:43Z	2016-12-08T17:25:43Z	5	
265810259	1059	1189785	false	2016-12-08T18:05:48Z	2016-12-08T18:05:48Z	3	
265811259	1059	767105	false	2016-12-08T18:09:57Z	2016-12-08T18:09:57Z	15	
265812061	932	767105	true	2016-12-08T18:13:10Z	2016-12-08T18:13:10Z	2	
265818027	1059	153481	false	2016-12-08T18:37:15Z	2016-12-08T18:37:15Z	32	
265838306	1060	579	true	2016-12-08T19:55:21Z	2016-12-08T19:55:21Z	16	
265850947	1031	24453885	false	2016-12-08T20:48:00Z	2016-12-08T20:48:00Z	1	
265936481	1031	153481	false	2016-12-09T05:23:40Z	2016-12-09T05:23:40Z	70	
265938864	1032	390146	true	2016-12-09T05:46:10Z	2016-12-09T05:46:10Z	10	
265941883	1031	767105	false	2016-12-09T06:14:01Z	2016-12-09T06:14:01Z	96	
265948834	1031	1443911	false	2016-12-09T07:11:32Z	2016-12-09T07:11:32Z	5	
265985193	1031	7135896	false	2016-12-09T10:44:53Z	2016-12-09T10:44:53Z	3	
266009714	1061	476567	false	2016-12-09T13:08:28Z	2016-12-09T13:08:28Z	9	
266010011	1061	5662852	false	2016-12-09T13:09:44Z	2016-12-09T13:09:44Z	49	
266010839	1061	1231635	false	2016-12-09T13:13:39Z	2016-12-09T13:13:39Z	8	
266016108	1061	3691490	false	2016-12-09T13:40:48Z	2016-12-09T13:40:48Z	4	
266016450	1061	7022958	false	2016-12-09T13:42:35Z	2016-12-09T13:42:35Z	21	
266017601	1061	176984	false	2016-12-09T13:48:02Z	2016-12-09T13:48:02Z	10	
266017704	1061	3691490	false	2016-12-09T13:48:36Z	2016-12-09T13:48:36Z	16	
266020338	1061	1443911	false	2016-12-09T14:00:57Z	2016-12-09T14:00:57Z	5	
266040259	1062	498775	false	2016-12-09T15:25:32Z	2016-12-09T15:25:32Z	11	
266049133	1063	3691490	false	2016-12-09T15:59:28Z	2016-12-09T15:59:28Z	37	
266049137	1063	14899817	false	2016-12-09T15:59:29Z	2016-12-09T15:59:29Z	4	
266049517	1063	3691490	false	2016-12-09T16:00:58Z	2016-12-09T16:00:58Z	38	
266049927	1063	498775	false	2016-12-09T16:02:36Z	2016-12-09T16:02:36Z	35	
266055250	1064	1498808	false	2016-12-09T16:22:39Z	2016-12-09T16:22:39Z	56	
266055517	1064	498775	false	2016-12-09T16:23:41Z	2016-12-09T16:23:41Z	34	
266087144	1065	579	false	2016-12-09T18:33:56Z	2016-12-09T18:33:56Z	257	
266092331	1061	718899	false	2016-12-09T18:56:05Z	2016-12-09T18:56:05Z	29	
266114128	1065	1443911	false	2016-12-09T20:24:42Z	2016-12-09T20:24:42Z	23	
266140380	1065	579	false	2016-12-09T22:27:01Z	2016-12-09T22:27:01Z	37	
266165999	1066	498775	false	2016-12-10T01:11:41Z	2016-12-10T01:11:41Z	248	
266166684	1066	739813	false	2016-12-10T01:17:21Z	2016-12-10T01:17:21Z	42	
266166728	1066	110455	false	2016-12-10T01:17:47Z	2016-12-10T01:17:47Z	25	
266201778	948	1716463	true	2016-12-10T11:32:44Z	2016-12-10T11:32:44Z	10	
266246779	1028	1231635	false	2016-12-10T23:09:07Z	2016-12-10T23:09:07Z	25	
266246860	1068	498775	true	2016-12-10T23:09:51Z	2016-12-10T23:09:51Z	37	
266248892	1066	1231635	false	2016-12-10T23:23:04Z	2016-12-10T23:23:04Z	121	
266249459	1068	1231635	true	2016-12-10T23:26:43Z	2016-12-10T23:26:43Z	60	
266283550	1065	1443911	false	2016-12-11T13:56:40Z	2016-12-11T13:56:40Z	2	
266365625	1028	1231635	false	2016-12-12T08:04:47Z	2016-12-12T08:04:47Z	17	
266442958	1069	1443911	true	2016-12-12T14:23:24Z	2016-12-12T14:23:24Z	6	
266469192	779	6324199	false	2016-12-12T16:01:06Z	2016-12-12T16:01:06Z	7	
266469872	779	3818515	false	2016-12-12T16:03:26Z	2016-12-12T16:03:26Z	10	
266471526	779	1695613	false	2016-12-12T16:09:19Z	2016-12-12T16:09:19Z	16	
266472215	779	861964	false	2016-12-12T16:11:42Z	2016-12-12T16:11:42Z	46	
266520869	1069	1189785	true	2016-12-12T19:05:44Z	2016-12-12T19:05:44Z	3	
266527292	1069	1443911	true	2016-12-12T19:29:04Z	2016-12-12T19:29:04Z	1	
266560941	1066	579	false	2016-12-12T21:38:57Z	2016-12-12T21:38:57Z	53	
